Date,Close
1/3/2012 16:00:00,74.22
1/4/2012 16:00:00,74.33
1/5/2012 16:00:00,73.53
1/6/2012 16:00:00,73.98
1/9/2012 16:00:00,74.53
1/10/2012 16:00:00,75
1/11/2012 16:00:00,74.74
1/12/2012 16:00:00,75.51
1/13/2012 16:00:00,74.6
1/17/2012 16:00:00,75.24
1/18/2012 16:00:00,75.06
1/19/2012 16:00:00,75.56
1/20/2012 16:00:00,75.52
1/23/2012 16:00:00,75.51
1/24/2012 16:00:00,75.36
1/25/2012 16:00:00,75.82
1/26/2012 16:00:00,75.31
1/27/2012 16:00:00,74.55
1/30/2012 16:00:00,74.16
1/31/2012 16:00:00,74.18
2/1/2012 16:00:00,75.37
2/2/2012 16:00:00,75.22
2/3/2012 16:00:00,76.34
2/6/2012 16:00:00,75.46
2/7/2012 16:00:00,75.2
2/8/2012 16:00:00,75.46
2/9/2012 16:00:00,75.9
2/10/2012 16:00:00,74.95
2/13/2012 16:00:00,74.85
2/14/2012 16:00:00,75.56
2/15/2012 16:00:00,75.21
2/16/2012 16:00:00,75.27
2/17/2012 16:00:00,75.35
2/21/2012 16:00:00,75.72
2/22/2012 16:00:00,76.06
2/23/2012 16:00:00,75.85
2/24/2012 16:00:00,76.06
2/27/2012 16:00:00,75.21
2/28/2012 16:00:00,75.16
2/29/2012 16:00:00,74.95
3/1/2012 16:00:00,75.08
3/2/2012 16:00:00,74.9
3/5/2012 16:00:00,74.13
3/6/2012 16:00:00,72.56
3/7/2012 16:00:00,73.52
3/8/2012 16:00:00,74.17
3/9/2012 16:00:00,73.29
3/12/2012 16:00:00,73.6
3/13/2012 16:00:00,74.31
3/14/2012 16:00:00,75.23
3/15/2012 16:00:00,75.43
3/16/2012 16:00:00,75.2
3/19/2012 16:00:00,75.4
3/20/2012 16:00:00,75.14
3/21/2012 16:00:00,75.01
3/22/2012 16:00:00,73.92
3/23/2012 16:00:00,73.97
3/26/2012 16:00:00,75.18
3/27/2012 16:00:00,74.81
3/28/2012 16:00:00,74.33
3/29/2012 16:00:00,74.08
3/30/2012 16:00:00,74.37
4/2/2012 16:00:00,75.17
4/3/2012 16:00:00,74.65
4/4/2012 16:00:00,73.67
4/5/2012 16:00:00,73.59
4/9/2012 16:00:00,72.43
4/10/2012 16:00:00,70.6
4/11/2012 16:00:00,71.77
4/12/2012 16:00:00,73.5
4/13/2012 16:00:00,72.92
4/16/2012 16:00:00,72.68
4/17/2012 16:00:00,74.09
4/18/2012 16:00:00,73.71
4/19/2012 16:00:00,73.1
4/20/2012 16:00:00,73.55
4/23/2012 16:00:00,72.86
4/24/2012 16:00:00,73.21
4/25/2012 16:00:00,77.08
4/26/2012 16:00:00,76.99
4/27/2012 16:00:00,77.27
4/30/2012 16:00:00,76.8
5/1/2012 16:00:00,77.25
5/2/2012 16:00:00,77.26
5/3/2012 16:00:00,76.83
5/4/2012 16:00:00,75.84
5/7/2012 16:00:00,75.96
5/8/2012 16:00:00,75.4
5/9/2012 16:00:00,74.05
5/10/2012 16:00:00,73.8
5/11/2012 16:00:00,73.56
5/14/2012 16:00:00,73.12
5/15/2012 16:00:00,72.58
5/16/2012 16:00:00,72.35
5/17/2012 16:00:00,69.73
5/18/2012 16:00:00,69.15
5/21/2012 16:00:00,71.78
5/22/2012 16:00:00,71.48
5/23/2012 16:00:00,71.48
5/24/2012 16:00:00,71.39
5/25/2012 16:00:00,70
5/29/2012 16:00:00,70.4
5/30/2012 16:00:00,69.39
5/31/2012 16:00:00,69.61
6/1/2012 16:00:00,67.24
6/4/2012 16:00:00,67.5
6/5/2012 16:00:00,67.58
6/6/2012 16:00:00,69.02
6/7/2012 16:00:00,69.95
6/8/2012 16:00:00,69.94
6/11/2012 16:00:00,70.11
6/12/2012 16:00:00,72.58
6/13/2012 16:00:00,72.06
6/14/2012 16:00:00,71.85
6/15/2012 16:00:00,71.99
6/18/2012 16:00:00,71.9
6/19/2012 16:00:00,72.92
6/20/2012 16:00:00,73.01
6/21/2012 16:00:00,71.37
6/22/2012 16:00:00,71.96
6/25/2012 16:00:00,71.05
6/26/2012 16:00:00,70.93
6/27/2012 16:00:00,71.87
6/28/2012 16:00:00,71.58
6/29/2012 16:00:00,74.3
7/2/2012 16:00:00,73.18
7/3/2012 16:00:00,74.27
7/5/2012 16:00:00,74.44
7/6/2012 16:00:00,73.69
7/9/2012 16:00:00,74.03
7/10/2012 16:00:00,73.22
7/11/2012 16:00:00,71.52
7/12/2012 16:00:00,71.71
7/13/2012 16:00:00,73.51
7/16/2012 16:00:00,72.97
7/17/2012 16:00:00,73.11
7/18/2012 16:00:00,73.89
7/19/2012 16:00:00,74.86
7/20/2012 16:00:00,73.89
7/23/2012 16:00:00,72.91
7/24/2012 16:00:00,72.03
7/25/2012 16:00:00,74.03
7/26/2012 16:00:00,74.91
7/27/2012 16:00:00,75.51
7/30/2012 16:00:00,74.86
7/31/2012 16:00:00,73.91
8/1/2012 16:00:00,72.77
8/2/2012 16:00:00,71.99
8/3/2012 16:00:00,72.81
8/6/2012 16:00:00,72.89
8/7/2012 16:00:00,74.46
8/8/2012 16:00:00,74.6
8/9/2012 16:00:00,74.28
8/10/2012 16:00:00,74.21
8/13/2012 16:00:00,74.19
8/14/2012 16:00:00,73.81
8/15/2012 16:00:00,73.07
8/16/2012 16:00:00,73.64
8/17/2012 16:00:00,73.91
8/20/2012 16:00:00,73.83
8/21/2012 16:00:00,73.27
8/22/2012 16:00:00,72.8
8/23/2012 16:00:00,70.36
8/24/2012 16:00:00,71.09
8/27/2012 16:00:00,71.38
8/28/2012 16:00:00,71.52
8/29/2012 16:00:00,71.44
8/30/2012 16:00:00,70.82
8/31/2012 16:00:00,71.4
9/4/2012 16:00:00,70.87
9/5/2012 16:00:00,71.92
9/6/2012 16:00:00,72.82
9/7/2012 16:00:00,72.89
9/10/2012 16:00:00,71.08
9/11/2012 16:00:00,71.27
9/12/2012 16:00:00,70.96
9/13/2012 16:00:00,71.58
9/14/2012 16:00:00,71.28
9/17/2012 16:00:00,69.92
9/18/2012 16:00:00,70.45
9/19/2012 16:00:00,69.9
9/20/2012 16:00:00,69.85
9/21/2012 16:00:00,69.97
9/24/2012 16:00:00,70.03
9/25/2012 16:00:00,69.38
9/26/2012 16:00:00,70.25
9/27/2012 16:00:00,70.1
9/28/2012 16:00:00,69.6
10/1/2012 16:00:00,70.01
10/2/2012 16:00:00,69.53
10/3/2012 16:00:00,69.86
10/4/2012 16:00:00,69.94
10/5/2012 16:00:00,70.89
10/8/2012 16:00:00,70.57
10/9/2012 16:00:00,70.64
10/10/2012 16:00:00,70.34
10/11/2012 16:00:00,70.83
10/12/2012 16:00:00,71.85
10/15/2012 16:00:00,72.25
10/16/2012 16:00:00,73.48
10/17/2012 16:00:00,73.63
10/18/2012 16:00:00,74.26
10/19/2012 16:00:00,74.01
10/22/2012 16:00:00,73.7
10/23/2012 16:00:00,72.82
10/24/2012 16:00:00,72.71
10/25/2012 16:00:00,71.54
10/26/2012 16:00:00,71.11
10/31/2012 16:00:00,70.44
11/1/2012 16:00:00,70.79
11/2/2012 16:00:00,70.05
11/5/2012 16:00:00,70.41
11/6/2012 16:00:00,72.02
11/7/2012 16:00:00,70.11
11/8/2012 16:00:00,70.98
11/9/2012 16:00:00,73.25
11/12/2012 16:00:00,73.69
11/13/2012 16:00:00,73.36
11/14/2012 16:00:00,71.29
11/15/2012 16:00:00,71.04
11/16/2012 16:00:00,70.77
11/19/2012 16:00:00,71.96
11/20/2012 16:00:00,72.54
11/21/2012 16:00:00,73.15
11/23/2012 16:00:00,73.74
11/26/2012 16:00:00,74.27
11/27/2012 16:00:00,74.49
11/28/2012 16:00:00,74.09
11/29/2012 16:00:00,74.12
11/30/2012 16:00:00,74.28
12/3/2012 16:00:00,74.02
12/4/2012 16:00:00,74.05
12/5/2012 16:00:00,73.87
12/6/2012 16:00:00,73.98
12/7/2012 16:00:00,74.64
12/10/2012 16:00:00,75.53
12/11/2012 16:00:00,75.82
12/12/2012 16:00:00,75.47
12/13/2012 16:00:00,74.32
12/14/2012 16:00:00,74.02
12/17/2012 16:00:00,74.65
12/18/2012 16:00:00,75.52
12/19/2012 16:00:00,75.51
12/20/2012 16:00:00,76.2
12/21/2012 16:00:00,76.17
12/24/2012 16:00:00,75.97
12/26/2012 16:00:00,76.02
12/27/2012 16:00:00,75.83
12/28/2012 16:00:00,74.69
12/31/2012 16:00:00,75.36
1/2/2013 16:00:00,77.07
1/3/2013 16:00:00,77.47
1/4/2013 16:00:00,77.69
1/7/2013 16:00:00,76.13
1/8/2013 16:00:00,74.13
1/9/2013 16:00:00,76.76
1/10/2013 16:00:00,77.09
1/11/2013 16:00:00,75.16
1/14/2013 16:00:00,76.55
1/15/2013 16:00:00,76.94
1/16/2013 16:00:00,74.34
1/17/2013 16:00:00,75.26
1/18/2013 16:00:00,75.04
1/22/2013 16:00:00,74.16
1/23/2013 16:00:00,74.29
1/24/2013 16:00:00,75.32
1/25/2013 16:00:00,75.03
1/28/2013 16:00:00,74
1/29/2013 16:00:00,73.65
1/30/2013 16:00:00,74.59
1/31/2013 16:00:00,73.87
2/1/2013 16:00:00,74.87
2/4/2013 16:00:00,75.21
2/5/2013 16:00:00,75.89
2/6/2013 16:00:00,76.29
2/7/2013 16:00:00,77.43
2/8/2013 16:00:00,76.56
2/11/2013 16:00:00,75.87
2/12/2013 16:00:00,75.99
2/13/2013 16:00:00,74.78
2/14/2013 16:00:00,74.93
2/15/2013 16:00:00,75.03
2/19/2013 16:00:00,74.65
2/20/2013 16:00:00,74.78
2/21/2013 16:00:00,76.01
2/22/2013 16:00:00,76.66
2/25/2013 16:00:00,75.03
2/26/2013 16:00:00,75.65
2/27/2013 16:00:00,77.36
2/28/2013 16:00:00,76.9
3/1/2013 16:00:00,77.28
3/4/2013 16:00:00,77.09
3/5/2013 16:00:00,78.66
3/6/2013 16:00:00,79.08
3/7/2013 16:00:00,81.05
3/8/2013 16:00:00,81.23
3/11/2013 16:00:00,82.94
3/12/2013 16:00:00,84.16
3/13/2013 16:00:00,84.75
3/14/2013 16:00:00,84.62
3/15/2013 16:00:00,86.43
3/18/2013 16:00:00,85.18
3/19/2013 16:00:00,85.51
3/20/2013 16:00:00,85.37
3/21/2013 16:00:00,84.33
3/22/2013 16:00:00,84.82
3/25/2013 16:00:00,84.85
3/26/2013 16:00:00,86.62
3/27/2013 16:00:00,86.2
3/28/2013 16:00:00,85.85
4/1/2013 16:00:00,85.25
4/2/2013 16:00:00,84.09
4/3/2013 16:00:00,84.36
4/4/2013 16:00:00,84.95
4/5/2013 16:00:00,86.17
4/8/2013 16:00:00,86.75
4/9/2013 16:00:00,87.21
4/10/2013 16:00:00,87.82
4/11/2013 16:00:00,88.53
4/12/2013 16:00:00,88.89
4/15/2013 16:00:00,86.77
4/16/2013 16:00:00,86.89
4/17/2013 16:00:00,86.69
4/18/2013 16:00:00,86.12
4/19/2013 16:00:00,87.96
4/22/2013 16:00:00,86.94
4/23/2013 16:00:00,88.18
4/24/2013 16:00:00,90.83
4/25/2013 16:00:00,91.67
4/26/2013 16:00:00,92.85
4/29/2013 16:00:00,91.9
4/30/2013 16:00:00,91.41
5/1/2013 16:00:00,91.18
5/2/2013 16:00:00,92.21
5/3/2013 16:00:00,93.74
5/6/2013 16:00:00,94.19
5/7/2013 16:00:00,94.79
5/8/2013 16:00:00,94.04
5/9/2013 16:00:00,94.61
5/10/2013 16:00:00,94.24
5/13/2013 16:00:00,94.76
5/14/2013 16:00:00,96.11
5/15/2013 16:00:00,97.02
5/16/2013 16:00:00,96.58
5/17/2013 16:00:00,98.92
5/20/2013 16:00:00,98.72
5/21/2013 16:00:00,98.75
5/22/2013 16:00:00,97.93
5/23/2013 16:00:00,99.75
5/24/2013 16:00:00,100
5/28/2013 16:00:00,100.11
5/29/2013 16:00:00,99.09
5/30/2013 16:00:00,100.54
5/31/2013 16:00:00,99.02
6/3/2013 16:00:00,100.74
6/4/2013 16:00:00,99.61
6/5/2013 16:00:00,98.49
6/6/2013 16:00:00,99.76
6/7/2013 16:00:00,102.49
6/10/2013 16:00:00,102.24
6/11/2013 16:00:00,101.75
6/12/2013 16:00:00,100.88
6/13/2013 16:00:00,102.16
6/14/2013 16:00:00,101.83
6/17/2013 16:00:00,103.03
6/18/2013 16:00:00,104.08
6/19/2013 16:00:00,102.25
6/20/2013 16:00:00,99.64
6/21/2013 16:00:00,99.98
6/24/2013 16:00:00,97.85
6/25/2013 16:00:00,98.67
6/26/2013 16:00:00,100.75
6/27/2013 16:00:00,103.15
6/28/2013 16:00:00,102.44
7/1/2013 16:00:00,103.24
7/2/2013 16:00:00,101.47
7/3/2013 16:00:00,102.89
7/5/2013 16:00:00,104.2
7/8/2013 16:00:00,104.37
7/9/2013 16:00:00,104.68
7/10/2013 16:00:00,105.5
7/11/2013 16:00:00,106.88
7/12/2013 16:00:00,101.87
7/15/2013 16:00:00,105.66
7/16/2013 16:00:00,104.23
7/17/2013 16:00:00,104.79
7/18/2013 16:00:00,107.63
7/19/2013 16:00:00,106.96
7/22/2013 16:00:00,106.86
7/23/2013 16:00:00,107.79
7/24/2013 16:00:00,106.95
7/25/2013 16:00:00,106.7
7/26/2013 16:00:00,105.6
7/29/2013 16:00:00,104.81
7/30/2013 16:00:00,105.73
7/31/2013 16:00:00,105.1
8/1/2013 16:00:00,106.7
8/2/2013 16:00:00,107.9
8/5/2013 16:00:00,107.5
8/6/2013 16:00:00,107.04
8/7/2013 16:00:00,106.42
8/8/2013 16:00:00,105.84
8/9/2013 16:00:00,105.33
8/12/2013 16:00:00,104.24
8/13/2013 16:00:00,106.23
8/14/2013 16:00:00,104.16
8/15/2013 16:00:00,102.73
8/16/2013 16:00:00,103.47
8/19/2013 16:00:00,104.72
8/20/2013 16:00:00,104.63
8/21/2013 16:00:00,103.91
8/22/2013 16:00:00,105.14
8/23/2013 16:00:00,105.48
8/26/2013 16:00:00,105.53
8/27/2013 16:00:00,103.21
8/28/2013 16:00:00,103.27
8/29/2013 16:00:00,104.93
8/30/2013 16:00:00,103.92
9/3/2013 16:00:00,105.01
9/4/2013 16:00:00,106.37
9/5/2013 16:00:00,106.65
9/6/2013 16:00:00,106.07
9/9/2013 16:00:00,107.19
9/10/2013 16:00:00,108.17
9/11/2013 16:00:00,109.23
9/12/2013 16:00:00,109.8
9/13/2013 16:00:00,111.33
9/16/2013 16:00:00,115.67
9/17/2013 16:00:00,117.11
9/18/2013 16:00:00,118.4
9/19/2013 16:00:00,119.04
9/20/2013 16:00:00,116.63
9/23/2013 16:00:00,117.51
9/24/2013 16:00:00,119
9/25/2013 16:00:00,118.51
9/26/2013 16:00:00,119.38
9/27/2013 16:00:00,118.74
9/30/2013 16:00:00,117.5
10/1/2013 16:00:00,117.75
10/2/2013 16:00:00,117.84
10/3/2013 16:00:00,115.24
10/4/2013 16:00:00,117.2
10/7/2013 16:00:00,116.69
10/8/2013 16:00:00,115.44
10/9/2013 16:00:00,114.47
10/10/2013 16:00:00,118.9
10/11/2013 16:00:00,117.98
10/14/2013 16:00:00,119.46
10/15/2013 16:00:00,118.18
10/16/2013 16:00:00,120.34
10/17/2013 16:00:00,122.29
10/18/2013 16:00:00,122.52
10/21/2013 16:00:00,121.47
10/22/2013 16:00:00,122.48
10/23/2013 16:00:00,129.02
10/24/2013 16:00:00,128.98
10/25/2013 16:00:00,131.19
10/28/2013 16:00:00,129.88
10/29/2013 16:00:00,129.66
10/30/2013 16:00:00,129.68
10/31/2013 16:00:00,130.5
11/1/2013 16:00:00,133.03
11/4/2013 16:00:00,132.79
11/5/2013 16:00:00,133.57
11/6/2013 16:00:00,133.09
11/7/2013 16:00:00,131.51
11/8/2013 16:00:00,133.49
11/11/2013 16:00:00,132.53
11/12/2013 16:00:00,132.33
11/13/2013 16:00:00,133.17
11/14/2013 16:00:00,135.09
11/15/2013 16:00:00,136.08
11/18/2013 16:00:00,138.36
11/19/2013 16:00:00,136.98
11/20/2013 16:00:00,132.45
11/21/2013 16:00:00,132.93
11/22/2013 16:00:00,135.97
11/25/2013 16:00:00,133
11/26/2013 16:00:00,134.78
11/27/2013 16:00:00,134.72
11/29/2013 16:00:00,134.25
12/2/2013 16:00:00,134.16
12/3/2013 16:00:00,132
12/4/2013 16:00:00,131.5
12/5/2013 16:00:00,132.73
12/6/2013 16:00:00,135.18
12/9/2013 16:00:00,134.68
12/10/2013 16:00:00,133.7
12/11/2013 16:00:00,132.56
12/12/2013 16:00:00,132.96
12/13/2013 16:00:00,133.83
12/16/2013 16:00:00,134.72
12/17/2013 16:00:00,135.88
12/18/2013 16:00:00,135.49
12/19/2013 16:00:00,135.17
12/20/2013 16:00:00,136.67
12/23/2013 16:00:00,136.4
12/24/2013 16:00:00,136.83
12/26/2013 16:00:00,138.27
12/27/2013 16:00:00,136.9
12/30/2013 16:00:00,135.92
12/31/2013 16:00:00,136.49
1/2/2014 16:00:00,136.67
1/3/2014 16:00:00,137.62
1/6/2014 16:00:00,138.41
1/7/2014 16:00:00,140.51
1/8/2014 16:00:00,140.82
1/9/2014 16:00:00,142.13
1/10/2014 16:00:00,141.9
1/13/2014 16:00:00,140.7
1/14/2014 16:00:00,140.01
1/15/2014 16:00:00,140.62
1/16/2014 16:00:00,140.21
1/17/2014 16:00:00,140.46
1/21/2014 16:00:00,141.67
1/22/2014 16:00:00,144.37
1/23/2014 16:00:00,141.31
1/24/2014 16:00:00,136.65
1/27/2014 16:00:00,137.36
1/28/2014 16:00:00,137.09
1/29/2014 16:00:00,129.78
1/30/2014 16:00:00,126.53
1/31/2014 16:00:00,125.26
2/3/2014 16:00:00,123.08
2/4/2014 16:00:00,122.04
2/5/2014 16:00:00,121.4
2/6/2014 16:00:00,122.67
2/7/2014 16:00:00,127.02
2/10/2014 16:00:00,127.16
2/11/2014 16:00:00,130.16
2/12/2014 16:00:00,128.13
2/13/2014 16:00:00,129.5
2/14/2014 16:00:00,130.16
2/18/2014 16:00:00,130.63
2/19/2014 16:00:00,128.39
2/20/2014 16:00:00,129.56
2/21/2014 16:00:00,128.28
2/24/2014 16:00:00,129.59
2/25/2014 16:00:00,126.78
2/26/2014 16:00:00,126.61
2/27/2014 16:00:00,128.56
2/28/2014 16:00:00,128.92
3/3/2014 16:00:00,128.22
3/4/2014 16:00:00,130.23
3/5/2014 16:00:00,128.79
3/6/2014 16:00:00,128.86
3/7/2014 16:00:00,128.54
3/10/2014 16:00:00,126.89
3/11/2014 16:00:00,125.67
3/12/2014 16:00:00,124.43
3/13/2014 16:00:00,121.89
3/14/2014 16:00:00,123.11
3/17/2014 16:00:00,125.42
3/18/2014 16:00:00,124.04
3/19/2014 16:00:00,122.24
3/20/2014 16:00:00,123.73
3/21/2014 16:00:00,122.58
3/24/2014 16:00:00,123.42
3/25/2014 16:00:00,124.02
3/26/2014 16:00:00,123.53
3/27/2014 16:00:00,123.21
3/28/2014 16:00:00,124.46
3/31/2014 16:00:00,125.49
4/1/2014 16:00:00,128.21
4/2/2014 16:00:00,128.31
4/3/2014 16:00:00,128.78
4/4/2014 16:00:00,127.38
4/7/2014 16:00:00,125.59
4/8/2014 16:00:00,124.15
4/9/2014 16:00:00,126.88
4/10/2014 16:00:00,123.64
4/11/2014 16:00:00,122.07
4/14/2014 16:00:00,123.25
4/15/2014 16:00:00,124.27
4/16/2014 16:00:00,126.04
4/17/2014 16:00:00,127.92
4/21/2014 16:00:00,127.82
4/22/2014 16:00:00,127.55
4/23/2014 16:00:00,130.63
4/24/2014 16:00:00,129.86
4/25/2014 16:00:00,128.66
4/28/2014 16:00:00,127.04
4/29/2014 16:00:00,128.37
4/30/2014 16:00:00,129.02
5/1/2014 16:00:00,128.46
5/2/2014 16:00:00,129.94
5/5/2014 16:00:00,131.96
5/6/2014 16:00:00,130.83
5/7/2014 16:00:00,130.35
5/8/2014 16:00:00,130.57
5/9/2014 16:00:00,131.1
5/12/2014 16:00:00,132.6
5/13/2014 16:00:00,133.45
5/14/2014 16:00:00,132.99
5/15/2014 16:00:00,131.21
5/16/2014 16:00:00,130.81
5/19/2014 16:00:00,131.35
5/20/2014 16:00:00,129.58
5/21/2014 16:00:00,130.96
5/22/2014 16:00:00,131.84
5/23/2014 16:00:00,132.41
5/27/2014 16:00:00,134.17
5/28/2014 16:00:00,134.33
5/29/2014 16:00:00,135.14
5/30/2014 16:00:00,135.25
6/2/2014 16:00:00,135.9
6/3/2014 16:00:00,135.88
6/4/2014 16:00:00,135.33
6/5/2014 16:00:00,136.82
6/6/2014 16:00:00,138.25
6/9/2014 16:00:00,137.96
6/10/2014 16:00:00,137.25
6/11/2014 16:00:00,134.1
6/12/2014 16:00:00,132.19
6/13/2014 16:00:00,132.29
6/16/2014 16:00:00,132.54
6/17/2014 16:00:00,132.45
6/18/2014 16:00:00,132.48
6/19/2014 16:00:00,132.82
6/20/2014 16:00:00,132.1
6/23/2014 16:00:00,130.85
6/24/2014 16:00:00,129.15
6/25/2014 16:00:00,127.06
6/26/2014 16:00:00,128.02
6/27/2014 16:00:00,128.54
6/30/2014 16:00:00,127.23
7/1/2014 16:00:00,128.15
7/2/2014 16:00:00,127.62
7/3/2014 16:00:00,128.51
7/7/2014 16:00:00,129.09
7/8/2014 16:00:00,126.79
7/9/2014 16:00:00,126.79
7/10/2014 16:00:00,126.79
7/11/2014 16:00:00,128.09
7/14/2014 16:00:00,129.52
7/15/2014 16:00:00,129.1
7/16/2014 16:00:00,127.42
7/17/2014 16:00:00,125.88
7/18/2014 16:00:00,127.64
7/21/2014 16:00:00,128.3
7/22/2014 16:00:00,129.74
7/23/2014 16:00:00,126.71
7/24/2014 16:00:00,124.4
7/25/2014 16:00:00,123.2
7/28/2014 16:00:00,123.06
7/29/2014 16:00:00,122.32
7/30/2014 16:00:00,122.29
7/31/2014 16:00:00,120.48
8/1/2014 16:00:00,120.38
8/4/2014 16:00:00,119.93
8/5/2014 16:00:00,121.27
8/6/2014 16:00:00,118.34
8/7/2014 16:00:00,119.84
8/8/2014 16:00:00,120.63
8/11/2014 16:00:00,120.8
8/12/2014 16:00:00,120.47
8/13/2014 16:00:00,121.98
8/14/2014 16:00:00,124.11
8/15/2014 16:00:00,123.16
8/18/2014 16:00:00,124.98
8/19/2014 16:00:00,125.58
8/20/2014 16:00:00,127.35
8/21/2014 16:00:00,127.5
8/22/2014 16:00:00,127.46
8/25/2014 16:00:00,128.33
8/26/2014 16:00:00,128.6
8/27/2014 16:00:00,128.2
8/28/2014 16:00:00,127.11
8/29/2014 16:00:00,126.8
9/2/2014 16:00:00,125.48
9/3/2014 16:00:00,125.94
9/4/2014 16:00:00,125.46
9/5/2014 16:00:00,124.69
9/8/2014 16:00:00,127.98
9/9/2014 16:00:00,128.21
9/10/2014 16:00:00,128.22
9/11/2014 16:00:00,127.64
9/12/2014 16:00:00,126.95
9/15/2014 16:00:00,126.31
9/16/2014 16:00:00,127.32
9/17/2014 16:00:00,127.76
9/18/2014 16:00:00,128.58
9/19/2014 16:00:00,129.35
9/22/2014 16:00:00,128.61
9/23/2014 16:00:00,127.38
9/24/2014 16:00:00,128.58
9/25/2014 16:00:00,127.14
9/26/2014 16:00:00,128.69
9/29/2014 16:00:00,128.77
9/30/2014 16:00:00,127.38
10/1/2014 16:00:00,124.67
10/2/2014 16:00:00,124.17
10/3/2014 16:00:00,126.36
10/6/2014 16:00:00,126.26
10/7/2014 16:00:00,123.32
10/8/2014 16:00:00,124.98
10/9/2014 16:00:00,122.76
10/10/2014 16:00:00,121.5
10/13/2014 16:00:00,120.45
10/14/2014 16:00:00,122.29
10/15/2014 16:00:00,120.19
10/16/2014 16:00:00,120.29
10/17/2014 16:00:00,123.24
10/20/2014 16:00:00,124.31
10/21/2014 16:00:00,127.12
10/22/2014 16:00:00,121.45
10/23/2014 16:00:00,122.03
10/24/2014 16:00:00,122.24
10/27/2014 16:00:00,122.12
10/28/2014 16:00:00,123.61
10/29/2014 16:00:00,123.08
10/30/2014 16:00:00,123.82
10/31/2014 16:00:00,124.91
11/3/2014 16:00:00,126.03
11/4/2014 16:00:00,125.84
11/5/2014 16:00:00,124.22
11/6/2014 16:00:00,124.58
11/7/2014 16:00:00,124.45
11/10/2014 16:00:00,124.64
11/11/2014 16:00:00,125.36
11/12/2014 16:00:00,125.87
11/13/2014 16:00:00,128.53
11/14/2014 16:00:00,128.86
11/17/2014 16:00:00,128.42
11/18/2014 16:00:00,130.66
11/19/2014 16:00:00,131.61
11/20/2014 16:00:00,131.7
11/21/2014 16:00:00,132.78
11/24/2014 16:00:00,134.61
11/25/2014 16:00:00,134.81
11/26/2014 16:00:00,134.78
11/28/2014 16:00:00,134.36
12/1/2014 16:00:00,132.39
12/2/2014 16:00:00,132.28
12/3/2014 16:00:00,131.97
12/4/2014 16:00:00,131.32
12/5/2014 16:00:00,132.21
12/8/2014 16:00:00,130.28
12/9/2014 16:00:00,129.66
12/10/2014 16:00:00,124.64
12/11/2014 16:00:00,123.37
12/12/2014 16:00:00,120.77
12/15/2014 16:00:00,122.08
12/16/2014 16:00:00,124.25
12/17/2014 16:00:00,125.06
12/18/2014 16:00:00,125.67
12/19/2014 16:00:00,126.23
12/22/2014 16:00:00,128.22
12/23/2014 16:00:00,130.03
12/24/2014 16:00:00,131.24
12/26/2014 16:00:00,131.63
12/29/2014 16:00:00,132.29
12/30/2014 16:00:00,131.83
12/31/2014 16:00:00,129.98
1/2/2015 16:00:00,129.95
1/5/2015 16:00:00,129.05
1/6/2015 16:00:00,127.53
1/7/2015 16:00:00,129.51
1/8/2015 16:00:00,131.8
1/9/2015 16:00:00,131.54
1/12/2015 16:00:00,130.87
1/13/2015 16:00:00,131.17
1/14/2015 16:00:00,130.38
1/15/2015 16:00:00,130.14
1/16/2015 16:00:00,130.78
1/20/2015 16:00:00,131.22
1/21/2015 16:00:00,132.41
1/22/2015 16:00:00,135.64
1/23/2015 16:00:00,134.62
1/26/2015 16:00:00,134.07
1/27/2015 16:00:00,132.48
1/28/2015 16:00:00,139.64
1/29/2015 16:00:00,147.78
1/30/2015 16:00:00,145.37
2/2/2015 16:00:00,146.26
2/3/2015 16:00:00,147.34
2/4/2015 16:00:00,147.22
2/5/2015 16:00:00,148.6
2/6/2015 16:00:00,148
2/9/2015 16:00:00,147.58
2/10/2015 16:00:00,148.04
2/11/2015 16:00:00,147.92
2/12/2015 16:00:00,148.09
2/13/2015 16:00:00,149.73
2/17/2015 16:00:00,149.92
2/18/2015 16:00:00,151.17
2/19/2015 16:00:00,153.75
2/20/2015 16:00:00,158.31
2/23/2015 16:00:00,154.74
2/24/2015 16:00:00,154.38
2/25/2015 16:00:00,153.01
2/26/2015 16:00:00,151.73
2/27/2015 16:00:00,150.85
3/2/2015 16:00:00,153.8
3/3/2015 16:00:00,155.57
3/4/2015 16:00:00,154.35
3/5/2015 16:00:00,154.47
3/6/2015 16:00:00,153.12
3/9/2015 16:00:00,154.75
3/10/2015 16:00:00,152.42
3/11/2015 16:00:00,151.17
3/12/2015 16:00:00,152.04
3/13/2015 16:00:00,151.57
3/16/2015 16:00:00,153.67
3/17/2015 16:00:00,154.51
3/18/2015 16:00:00,155.73
3/19/2015 16:00:00,154.11
3/20/2015 16:00:00,154.5
3/23/2015 16:00:00,152.81
3/24/2015 16:00:00,151.65
3/25/2015 16:00:00,148.23
3/26/2015 16:00:00,148.17
3/27/2015 16:00:00,148.85
3/30/2015 16:00:00,152.7
3/31/2015 16:00:00,150.08
4/1/2015 16:00:00,148.64
4/2/2015 16:00:00,149.28
4/6/2015 16:00:00,150.93
4/7/2015 16:00:00,152.32
4/8/2015 16:00:00,153.36
4/9/2015 16:00:00,153.42
4/10/2015 16:00:00,154.38
4/13/2015 16:00:00,153.24
4/14/2015 16:00:00,153.21
4/15/2015 16:00:00,152.43
4/16/2015 16:00:00,151.97
4/17/2015 16:00:00,149.6
4/20/2015 16:00:00,152.67
4/21/2015 16:00:00,153.33
4/22/2015 16:00:00,151.19
4/23/2015 16:00:00,149.87
4/24/2015 16:00:00,148.4
4/27/2015 16:00:00,147.8
4/28/2015 16:00:00,147.51
4/29/2015 16:00:00,146.15
4/30/2015 16:00:00,143.34
5/1/2015 16:00:00,144.67
5/4/2015 16:00:00,144.02
5/5/2015 16:00:00,142.91
5/6/2015 16:00:00,141.04
5/7/2015 16:00:00,141.49
5/8/2015 16:00:00,145.46
5/11/2015 16:00:00,145.89
5/12/2015 16:00:00,145.43
5/13/2015 16:00:00,145.62
5/14/2015 16:00:00,147.96
5/15/2015 16:00:00,146.88
5/18/2015 16:00:00,146.71
5/19/2015 16:00:00,147.05
5/20/2015 16:00:00,146.42
5/21/2015 16:00:00,147.35
5/22/2015 16:00:00,144.81
5/26/2015 16:00:00,142.8
5/27/2015 16:00:00,143
5/28/2015 16:00:00,142.33
5/29/2015 16:00:00,140.52
6/1/2015 16:00:00,141.25
6/2/2015 16:00:00,143.25
6/3/2015 16:00:00,143.81
6/4/2015 16:00:00,141.19
6/5/2015 16:00:00,140.73
6/8/2015 16:00:00,140.64
6/9/2015 16:00:00,140.1
6/10/2015 16:00:00,141.62
6/11/2015 16:00:00,142.96
6/12/2015 16:00:00,142.8
6/15/2015 16:00:00,142.29
6/16/2015 16:00:00,142.34
6/17/2015 16:00:00,143.43
6/18/2015 16:00:00,145.38
6/19/2015 16:00:00,145.13
6/22/2015 16:00:00,145.7
6/23/2015 16:00:00,144.43
6/24/2015 16:00:00,143
6/25/2015 16:00:00,142.45
6/26/2015 16:00:00,142.48
6/29/2015 16:00:00,138.73
6/30/2015 16:00:00,138.72
7/1/2015 16:00:00,140.73
7/2/2015 16:00:00,140.21
7/6/2015 16:00:00,140.52
7/7/2015 16:00:00,143.15
7/8/2015 16:00:00,141.92
7/9/2015 16:00:00,142.8
7/10/2015 16:00:00,144.48
7/13/2015 16:00:00,146.62
7/14/2015 16:00:00,147.75
7/15/2015 16:00:00,146.89
7/16/2015 16:00:00,148.49
7/17/2015 16:00:00,146.84
7/20/2015 16:00:00,146.72
7/21/2015 16:00:00,145
7/22/2015 16:00:00,146.47
7/23/2015 16:00:00,146.11
7/24/2015 16:00:00,144.06
7/27/2015 16:00:00,141.03
7/28/2015 16:00:00,141.81
7/29/2015 16:00:00,144.14
7/30/2015 16:00:00,143.01
7/31/2015 16:00:00,144.17
8/3/2015 16:00:00,143.69
8/4/2015 16:00:00,143.54
8/5/2015 16:00:00,144.95
8/6/2015 16:00:00,143.82
8/7/2015 16:00:00,142.42
8/10/2015 16:00:00,145.86
8/11/2015 16:00:00,144.05
8/12/2015 16:00:00,142.43
8/13/2015 16:00:00,144.81
8/14/2015 16:00:00,145.09
8/17/2015 16:00:00,144.44
8/18/2015 16:00:00,144.6
8/19/2015 16:00:00,142.72
8/20/2015 16:00:00,137.02
8/21/2015 16:00:00,131.71
8/24/2015 16:00:00,127.19
8/25/2015 16:00:00,125.49
8/26/2015 16:00:00,129.34
8/27/2015 16:00:00,131.87
8/28/2015 16:00:00,133.24
8/31/2015 16:00:00,130.68
9/1/2015 16:00:00,127.44
9/2/2015 16:00:00,130.63
9/3/2015 16:00:00,131.02
9/4/2015 16:00:00,129.76
9/8/2015 16:00:00,133.82
9/9/2015 16:00:00,132.65
9/10/2015 16:00:00,133.55
9/11/2015 16:00:00,134.67
9/14/2015 16:00:00,134.43
9/15/2015 16:00:00,136.3
9/16/2015 16:00:00,137.2
9/17/2015 16:00:00,137.45
9/18/2015 16:00:00,136.09
9/21/2015 16:00:00,136.02
9/22/2015 16:00:00,133.99
9/23/2015 16:00:00,131.67
9/24/2015 16:00:00,129.75
9/25/2015 16:00:00,131.01
9/28/2015 16:00:00,128.13
9/29/2015 16:00:00,128.75
9/30/2015 16:00:00,130.95
10/1/2015 16:00:00,130.61
10/2/2015 16:00:00,132.56
10/5/2015 16:00:00,134.02
10/6/2015 16:00:00,134.63
10/7/2015 16:00:00,137.02
10/8/2015 16:00:00,139.04
10/9/2015 16:00:00,139.7
10/12/2015 16:00:00,140.68
10/13/2015 16:00:00,140.29
10/14/2015 16:00:00,134.22
10/15/2015 16:00:00,137.39
10/16/2015 16:00:00,137.6
10/19/2015 16:00:00,138.42
10/20/2015 16:00:00,138.88
10/21/2015 16:00:00,141.19
10/22/2015 16:00:00,146.31
10/23/2015 16:00:00,146.7
10/26/2015 16:00:00,146.7
10/27/2015 16:00:00,148.46
10/28/2015 16:00:00,147.88
10/29/2015 16:00:00,147.18
10/30/2015 16:00:00,148.07
11/2/2015 16:00:00,148.4
11/3/2015 16:00:00,148.09
11/4/2015 16:00:00,148.19
11/5/2015 16:00:00,147.97
11/6/2015 16:00:00,147.94
11/9/2015 16:00:00,145.98
11/10/2015 16:00:00,145.15
11/11/2015 16:00:00,144.99
11/12/2015 16:00:00,142.54
11/13/2015 16:00:00,142.59
11/16/2015 16:00:00,144.42
11/17/2015 16:00:00,146.08
11/18/2015 16:00:00,148.28
11/19/2015 16:00:00,149.24
11/20/2015 16:00:00,149.4
11/23/2015 16:00:00,148.34
11/24/2015 16:00:00,148.65
11/25/2015 16:00:00,147.43
11/27/2015 16:00:00,146.95
11/30/2015 16:00:00,145.45
12/1/2015 16:00:00,147.74
12/2/2015 16:00:00,146.96
12/3/2015 16:00:00,145.56
12/4/2015 16:00:00,148.5
12/7/2015 16:00:00,148.45
12/8/2015 16:00:00,144.99
12/9/2015 16:00:00,144.24
12/10/2015 16:00:00,146.41
12/11/2015 16:00:00,144.62
12/14/2015 16:00:00,143
12/15/2015 16:00:00,146.53
12/16/2015 16:00:00,148.11
12/17/2015 16:00:00,145.56
12/18/2015 16:00:00,139.58
12/21/2015 16:00:00,140.9
12/22/2015 16:00:00,142.38
12/23/2015 16:00:00,144.06
12/24/2015 16:00:00,143.53
12/28/2015 16:00:00,144.54
12/29/2015 16:00:00,147.35
12/30/2015 16:00:00,146.41
12/31/2015 16:00:00,144.59
1/4/2016 16:00:00,140.5
1/5/2016 16:00:00,141.07
1/6/2016 16:00:00,138.83
1/7/2016 16:00:00,133.01
1/8/2016 16:00:00,129.99
1/11/2016 16:00:00,130.21
1/12/2016 16:00:00,131.92
1/13/2016 16:00:00,128.12
1/14/2016 16:00:00,129.2
1/15/2016 16:00:00,125.63
1/19/2016 16:00:00,126.06
1/20/2016 16:00:00,122.14
1/21/2016 16:00:00,123.4
1/22/2016 16:00:00,124.61
1/25/2016 16:00:00,124.01
1/26/2016 16:00:00,128.01
1/27/2016 16:00:00,116.58
1/28/2016 16:00:00,118.01
1/29/2016 16:00:00,120.13
2/1/2016 16:00:00,121.56
2/2/2016 16:00:00,117.52
2/3/2016 16:00:00,121.87
2/4/2016 16:00:00,123.61
2/5/2016 16:00:00,122.56
2/8/2016 16:00:00,119.47
2/9/2016 16:00:00,118.88
2/10/2016 16:00:00,116.36
2/11/2016 16:00:00,108.44
2/12/2016 16:00:00,108.63
2/16/2016 16:00:00,112.6
2/17/2016 16:00:00,116.34
2/18/2016 16:00:00,117.57
2/19/2016 16:00:00,115.16
2/22/2016 16:00:00,117.39
2/23/2016 16:00:00,116.9
2/24/2016 16:00:00,115.59
2/25/2016 16:00:00,116.82
2/26/2016 16:00:00,118.16
2/29/2016 16:00:00,118.18
3/1/2016 16:00:00,119.96
3/2/2016 16:00:00,119.65
3/3/2016 16:00:00,119.61
3/4/2016 16:00:00,121.07
3/7/2016 16:00:00,122.9
3/8/2016 16:00:00,122.35
3/9/2016 16:00:00,122.86
3/10/2016 16:00:00,122.94
3/11/2016 16:00:00,124.63
3/14/2016 16:00:00,126.34
3/15/2016 16:00:00,126.36
3/16/2016 16:00:00,127.57
3/17/2016 16:00:00,130.7
3/18/2016 16:00:00,133.96
3/21/2016 16:00:00,135.86
3/22/2016 16:00:00,135.12
3/23/2016 16:00:00,132.86
3/24/2016 16:00:00,132.12
3/28/2016 16:00:00,131.29
3/29/2016 16:00:00,130.88
3/30/2016 16:00:00,128.58
3/31/2016 16:00:00,126.94
4/1/2016 16:00:00,126.96
4/4/2016 16:00:00,126.34
4/5/2016 16:00:00,127.03
4/6/2016 16:00:00,127.93
4/7/2016 16:00:00,127
4/8/2016 16:00:00,127.88
4/11/2016 16:00:00,127.91
4/12/2016 16:00:00,129.47
4/13/2016 16:00:00,131.14
4/14/2016 16:00:00,130.85
4/15/2016 16:00:00,131.13
4/18/2016 16:00:00,131.97
4/19/2016 16:00:00,132.68
4/20/2016 16:00:00,130.57
4/21/2016 16:00:00,130.74
4/22/2016 16:00:00,131.05
4/25/2016 16:00:00,130.75
4/26/2016 16:00:00,133.24
4/27/2016 16:00:00,137.08
4/28/2016 16:00:00,134.8
4/29/2016 16:00:00,134.8
5/2/2016 16:00:00,134.01
5/3/2016 16:00:00,132.49
5/4/2016 16:00:00,130.89
5/5/2016 16:00:00,132.08
5/6/2016 16:00:00,133.26
5/9/2016 16:00:00,132.1
5/10/2016 16:00:00,134.72
5/11/2016 16:00:00,133
5/12/2016 16:00:00,134.42
5/13/2016 16:00:00,132.12
5/16/2016 16:00:00,134.14
5/17/2016 16:00:00,132.56
5/18/2016 16:00:00,130.99
5/19/2016 16:00:00,128.08
5/20/2016 16:00:00,127.39
5/23/2016 16:00:00,127.58
5/24/2016 16:00:00,127.5
5/25/2016 16:00:00,128.86
5/26/2016 16:00:00,129.31
5/27/2016 16:00:00,129.22
5/31/2016 16:00:00,126.15
6/1/2016 16:00:00,126.41
6/2/2016 16:00:00,126.85
6/3/2016 16:00:00,127.38
6/6/2016 16:00:00,131.9
6/7/2016 16:00:00,131.93
6/8/2016 16:00:00,133
6/9/2016 16:00:00,133.1
6/10/2016 16:00:00,131.14
6/13/2016 16:00:00,129.92
6/14/2016 16:00:00,130.5
6/15/2016 16:00:00,130.16
6/16/2016 16:00:00,129.37
6/17/2016 16:00:00,129.82
6/20/2016 16:00:00,132.75
6/21/2016 16:00:00,131.52
6/22/2016 16:00:00,131.77
6/23/2016 16:00:00,133.55
6/24/2016 16:00:00,126.52
6/27/2016 16:00:00,122.7
6/28/2016 16:00:00,123.89
6/29/2016 16:00:00,126.99
6/30/2016 16:00:00,129.87
7/1/2016 16:00:00,129.69
7/5/2016 16:00:00,126.97
7/6/2016 16:00:00,126.96
7/7/2016 16:00:00,127.17
7/8/2016 16:00:00,130.09
7/11/2016 16:00:00,132.04
7/12/2016 16:00:00,130.81
7/13/2016 16:00:00,130.11
7/14/2016 16:00:00,131.55
7/15/2016 16:00:00,132.39
7/18/2016 16:00:00,133.43
7/19/2016 16:00:00,134.66
7/20/2016 16:00:00,134.72
7/21/2016 16:00:00,133.53
7/22/2016 16:00:00,133.47
7/25/2016 16:00:00,132.94
7/26/2016 16:00:00,134.85
7/27/2016 16:00:00,135.96
7/28/2016 16:00:00,133.01
7/29/2016 16:00:00,133.66
8/1/2016 16:00:00,133.21
8/2/2016 16:00:00,131.6
8/3/2016 16:00:00,131.87
8/4/2016 16:00:00,131.21
8/5/2016 16:00:00,131.73
8/8/2016 16:00:00,132.19
8/9/2016 16:00:00,132.62
8/10/2016 16:00:00,132.28
8/11/2016 16:00:00,133
8/12/2016 16:00:00,133.1
8/15/2016 16:00:00,134.66
8/16/2016 16:00:00,135
8/17/2016 16:00:00,134.72
8/18/2016 16:00:00,135
8/19/2016 16:00:00,134.44
8/22/2016 16:00:00,134.99
8/23/2016 16:00:00,134.14
8/24/2016 16:00:00,133.29
8/25/2016 16:00:00,132.98
8/26/2016 16:00:00,132.23
8/29/2016 16:00:00,132.9
8/30/2016 16:00:00,130.81
8/31/2016 16:00:00,129.45
9/1/2016 16:00:00,129.9
9/2/2016 16:00:00,131.16
9/6/2016 16:00:00,132.99
9/7/2016 16:00:00,132.64
9/8/2016 16:00:00,132.9
9/9/2016 16:00:00,128.53
9/12/2016 16:00:00,130.12
9/13/2016 16:00:00,128.76
9/14/2016 16:00:00,127.67
9/15/2016 16:00:00,127.77
9/16/2016 16:00:00,126.7
9/19/2016 16:00:00,127.48
9/20/2016 16:00:00,127.79
9/21/2016 16:00:00,130.56
9/22/2016 16:00:00,131.87
9/23/2016 16:00:00,131.78
9/26/2016 16:00:00,130.57
9/27/2016 16:00:00,131.32
9/28/2016 16:00:00,132.23
9/29/2016 16:00:00,131.03
9/30/2016 16:00:00,131.74
10/3/2016 16:00:00,132.38
10/4/2016 16:00:00,132.25
10/5/2016 16:00:00,134.66
10/6/2016 16:00:00,134.42
10/7/2016 16:00:00,133.85
10/10/2016 16:00:00,135.84
10/11/2016 16:00:00,133.74
10/12/2016 16:00:00,133.16
10/13/2016 16:00:00,133.38
10/14/2016 16:00:00,133.5
10/17/2016 16:00:00,134
10/18/2016 16:00:00,135.1
10/19/2016 16:00:00,136.18
10/20/2016 16:00:00,135.84
10/21/2016 16:00:00,135.63
10/24/2016 16:00:00,137.45
10/25/2016 16:00:00,139.02
10/26/2016 16:00:00,145.54
10/27/2016 16:00:00,143.31
10/28/2016 16:00:00,143.01
10/31/2016 16:00:00,142.43
11/1/2016 16:00:00,142.41
11/2/2016 16:00:00,140.75
11/3/2016 16:00:00,140.02
11/4/2016 16:00:00,139.54
11/7/2016 16:00:00,143.03
11/8/2016 16:00:00,142.2
11/9/2016 16:00:00,145.09
11/10/2016 16:00:00,147.69
11/11/2016 16:00:00,148.52
11/14/2016 16:00:00,149.99
11/15/2016 16:00:00,148.11
11/16/2016 16:00:00,146.44
11/17/2016 16:00:00,145.33
11/18/2016 16:00:00,146.35
11/21/2016 16:00:00,147.02
11/22/2016 16:00:00,149.52
11/23/2016 16:00:00,149.74
11/25/2016 16:00:00,150.04
11/28/2016 16:00:00,149.77
11/29/2016 16:00:00,151.64
11/30/2016 16:00:00,150.56
12/1/2016 16:00:00,152.39
12/2/2016 16:00:00,152.25
12/5/2016 16:00:00,152.16
12/6/2016 16:00:00,152.24
12/7/2016 16:00:00,154.14
12/8/2016 16:00:00,155.39
12/9/2016 16:00:00,156.49
12/12/2016 16:00:00,157.16
12/13/2016 16:00:00,156.66
12/14/2016 16:00:00,154.47
12/15/2016 16:00:00,153.77
12/16/2016 16:00:00,154.5
12/19/2016 16:00:00,156.18
12/20/2016 16:00:00,156.39
12/21/2016 16:00:00,157.48
12/22/2016 16:00:00,157.46
12/23/2016 16:00:00,157.81
12/27/2016 16:00:00,157.48
12/28/2016 16:00:00,156.1
12/29/2016 16:00:00,155.69
12/30/2016 16:00:00,155.68
1/3/2017 16:00:00,156.97
1/4/2017 16:00:00,158.62
1/5/2017 16:00:00,158.71
1/6/2017 16:00:00,159.1
1/9/2017 16:00:00,158.32
1/10/2017 16:00:00,159.07
1/11/2017 16:00:00,159.4
1/12/2017 16:00:00,158.29
1/13/2017 16:00:00,158.83
1/17/2017 16:00:00,157.67
1/18/2017 16:00:00,158.32
1/19/2017 16:00:00,159
1/20/2017 16:00:00,159.53
1/23/2017 16:00:00,157.84
1/24/2017 16:00:00,160.55
1/25/2017 16:00:00,167.36
1/26/2017 16:00:00,169.12
1/27/2017 16:00:00,167.7
1/30/2017 16:00:00,165.57
1/31/2017 16:00:00,163.42
2/1/2017 16:00:00,163.97
2/2/2017 16:00:00,162.26
2/3/2017 16:00:00,162.4
2/6/2017 16:00:00,163.98
2/7/2017 16:00:00,166.5
2/8/2017 16:00:00,163.81
2/9/2017 16:00:00,164.28
2/10/2017 16:00:00,166.23
2/13/2017 16:00:00,168.03
2/14/2017 16:00:00,168.5
2/15/2017 16:00:00,169.3
2/16/2017 16:00:00,170.81
2/17/2017 16:00:00,172.71
2/21/2017 16:00:00,175.56
2/22/2017 16:00:00,175.36
2/23/2017 16:00:00,176.86
2/24/2017 16:00:00,177.44
2/27/2017 16:00:00,179.43
2/28/2017 16:00:00,180.23
3/1/2017 16:00:00,183.91
3/2/2017 16:00:00,182.99
3/3/2017 16:00:00,182.18
3/6/2017 16:00:00,180.93
3/7/2017 16:00:00,182.02
3/8/2017 16:00:00,181.74
3/9/2017 16:00:00,180.57
3/10/2017 16:00:00,178.7
3/13/2017 16:00:00,179.05
3/14/2017 16:00:00,178.73
3/15/2017 16:00:00,178.71
3/16/2017 16:00:00,178.19
3/17/2017 16:00:00,180.1
3/20/2017 16:00:00,179.39
3/21/2017 16:00:00,175.96
3/22/2017 16:00:00,176.98
3/23/2017 16:00:00,177.26
3/24/2017 16:00:00,175.82
3/27/2017 16:00:00,176.1
3/28/2017 16:00:00,177.36
3/29/2017 16:00:00,177.63
3/30/2017 16:00:00,177.98
3/31/2017 16:00:00,176.86
4/3/2017 16:00:00,176.65
4/4/2017 16:00:00,178.7
4/5/2017 16:00:00,177.08
4/6/2017 16:00:00,177.37
4/7/2017 16:00:00,178.85
4/10/2017 16:00:00,177.56
4/11/2017 16:00:00,178.57
4/12/2017 16:00:00,176.05
4/13/2017 16:00:00,175.62
4/17/2017 16:00:00,179.02
4/18/2017 16:00:00,177.85
4/19/2017 16:00:00,178.4
4/20/2017 16:00:00,179.3
4/21/2017 16:00:00,180.38
4/24/2017 16:00:00,182.06
4/25/2017 16:00:00,183.51
4/26/2017 16:00:00,181.71
4/27/2017 16:00:00,183.22
4/28/2017 16:00:00,184.83
5/1/2017 16:00:00,182.39
5/2/2017 16:00:00,183.44
5/3/2017 16:00:00,183.39
5/4/2017 16:00:00,183.07
5/5/2017 16:00:00,185.01
5/8/2017 16:00:00,186.02
5/9/2017 16:00:00,186.91
5/10/2017 16:00:00,183.18
5/11/2017 16:00:00,183.94
5/12/2017 16:00:00,183.25
5/15/2017 16:00:00,182.39
5/16/2017 16:00:00,182.7
5/17/2017 16:00:00,178.78
5/18/2017 16:00:00,177.4
5/19/2017 16:00:00,180.76
5/22/2017 16:00:00,183.67
5/23/2017 16:00:00,183.49
5/24/2017 16:00:00,185.25
5/25/2017 16:00:00,187.07
5/26/2017 16:00:00,186.59
5/30/2017 16:00:00,186.88
5/31/2017 16:00:00,187.63
6/1/2017 16:00:00,187.32
6/2/2017 16:00:00,190.23
6/5/2017 16:00:00,188.95
6/6/2017 16:00:00,186.75
6/7/2017 16:00:00,188.1
6/8/2017 16:00:00,189.93
6/9/2017 16:00:00,190.03
6/12/2017 16:00:00,190
6/13/2017 16:00:00,191.09
6/14/2017 16:00:00,192.38
6/15/2017 16:00:00,195.45
6/16/2017 16:00:00,196.44
6/19/2017 16:00:00,199.08
6/20/2017 16:00:00,198.33
6/21/2017 16:00:00,199.17
6/22/2017 16:00:00,199.44
6/23/2017 16:00:00,202.23
6/26/2017 16:00:00,199.98
6/27/2017 16:00:00,198.89
6/28/2017 16:00:00,199.62
6/29/2017 16:00:00,197.46
6/30/2017 16:00:00,197.75
7/3/2017 16:00:00,198.59
7/5/2017 16:00:00,201.81
7/6/2017 16:00:00,201.48
7/7/2017 16:00:00,202.37
7/10/2017 16:00:00,203.96
7/11/2017 16:00:00,206.27
7/12/2017 16:00:00,206.44
7/13/2017 16:00:00,206.23
7/14/2017 16:00:00,208.51
7/17/2017 16:00:00,208.68
7/18/2017 16:00:00,208.24
7/19/2017 16:00:00,210.88
7/20/2017 16:00:00,210.28
7/21/2017 16:00:00,212.14
7/24/2017 16:00:00,212.18
7/25/2017 16:00:00,212.46
7/26/2017 16:00:00,233.45
7/27/2017 16:00:00,241
7/28/2017 16:00:00,241.27
7/31/2017 16:00:00,242.46
8/1/2017 16:00:00,239.44
8/2/2017 16:00:00,237.95
8/3/2017 16:00:00,238.25
8/4/2017 16:00:00,237.71
8/7/2017 16:00:00,240.23
8/8/2017 16:00:00,239.5
8/9/2017 16:00:00,234.31
8/10/2017 16:00:00,232.88
8/11/2017 16:00:00,234.88
8/14/2017 16:00:00,237.15
8/15/2017 16:00:00,239.17
8/16/2017 16:00:00,237.59
8/17/2017 16:00:00,235.59
8/18/2017 16:00:00,235.77
8/21/2017 16:00:00,235.68
8/22/2017 16:00:00,239.75
8/23/2017 16:00:00,238.09
8/24/2017 16:00:00,238.74
8/25/2017 16:00:00,235.89
8/28/2017 16:00:00,237.18
8/29/2017 16:00:00,240.49
8/30/2017 16:00:00,240.46
8/31/2017 16:00:00,239.66
9/1/2017 16:00:00,240.33
9/5/2017 16:00:00,237
9/6/2017 16:00:00,234.62
9/7/2017 16:00:00,236.31
9/8/2017 16:00:00,238.78
9/11/2017 16:00:00,240.59
9/12/2017 16:00:00,240.58
9/13/2017 16:00:00,241.93
9/14/2017 16:00:00,245.23
9/15/2017 16:00:00,249
9/18/2017 16:00:00,253.08
9/19/2017 16:00:00,252.46
9/20/2017 16:00:00,255.46
9/21/2017 16:00:00,256.04
9/22/2017 16:00:00,256.45
9/25/2017 16:00:00,254.32
9/26/2017 16:00:00,253.7
9/27/2017 16:00:00,255.28
9/28/2017 16:00:00,254.27
9/29/2017 16:00:00,254.21
10/2/2017 16:00:00,255.99
10/3/2017 16:00:00,255.46
10/4/2017 16:00:00,255.76
10/5/2017 16:00:00,258.89
10/6/2017 16:00:00,258.58
10/9/2017 16:00:00,258.39
10/10/2017 16:00:00,260.93
10/11/2017 16:00:00,261.44
10/12/2017 16:00:00,261.91
10/13/2017 16:00:00,260.74
10/16/2017 16:00:00,259.75
10/17/2017 16:00:00,258.62
10/18/2017 16:00:00,260.04
10/19/2017 16:00:00,259.04
10/20/2017 16:00:00,264.75
10/23/2017 16:00:00,262.32
10/24/2017 16:00:00,266
10/25/2017 16:00:00,258.42
10/26/2017 16:00:00,259.27
10/27/2017 16:00:00,256.46
10/30/2017 16:00:00,259.25
10/31/2017 16:00:00,257.98
11/1/2017 16:00:00,258.5
11/2/2017 16:00:00,262.63
11/3/2017 16:00:00,261.75
11/6/2017 16:00:00,264.07
11/7/2017 16:00:00,266.13
11/8/2017 16:00:00,265.57
11/9/2017 16:00:00,262.7
11/10/2017 16:00:00,260.85
11/13/2017 16:00:00,262.42
11/14/2017 16:00:00,261.76
11/15/2017 16:00:00,262.86
11/16/2017 16:00:00,263.7
11/17/2017 16:00:00,262.26
11/20/2017 16:00:00,264.63
11/21/2017 16:00:00,266.99
11/22/2017 16:00:00,265.15
11/24/2017 13:00:00,265.88
11/27/2017 16:00:00,265.58
11/28/2017 16:00:00,267.99
11/29/2017 16:00:00,269.3
11/30/2017 16:00:00,276.8
12/1/2017 16:00:00,271.38
12/4/2017 16:00:00,277.97
12/5/2017 16:00:00,275.54
12/6/2017 16:00:00,278.27
12/7/2017 16:00:00,281.97
12/8/2017 16:00:00,285.9
12/11/2017 16:00:00,283.16
12/12/2017 16:00:00,289.94
12/13/2017 16:00:00,291.84
12/14/2017 16:00:00,293.88
12/15/2017 16:00:00,293.94
12/18/2017 16:00:00,296.14
12/19/2017 16:00:00,297.25
12/20/2017 16:00:00,297.9
12/21/2017 16:00:00,295.03
12/22/2017 16:00:00,295.1
12/26/2017 16:00:00,295.36
12/27/2017 16:00:00,295.62
12/28/2017 16:00:00,296.35
12/29/2017 16:00:00,294.91
1/2/2018 16:00:00,296.84
1/3/2018 16:00:00,297.8
1/4/2018 16:00:00,296.67
1/5/2018 16:00:00,308.84
1/8/2018 16:00:00,310.15
1/9/2018 16:00:00,318.43
1/10/2018 16:00:00,320.26
1/11/2018 16:00:00,328.12
1/12/2018 16:00:00,336.21
1/16/2018 16:00:00,335.16
1/17/2018 16:00:00,351.01
1/18/2018 16:00:00,340.16
1/19/2018 16:00:00,337.73
1/22/2018 16:00:00,338
1/23/2018 16:00:00,335.59
1/24/2018 16:00:00,334.69
1/25/2018 16:00:00,343.11
1/26/2018 16:00:00,343.22
1/29/2018 16:00:00,340.82
1/30/2018 16:00:00,337.71
1/31/2018 16:00:00,354.37
2/1/2018 16:00:00,356.94
2/2/2018 16:00:00,348.91
2/5/2018 16:00:00,328.88
2/6/2018 16:00:00,340.91
2/7/2018 16:00:00,348.12
2/8/2018 16:00:00,329.66
2/9/2018 16:00:00,332.83
2/12/2018 16:00:00,343.8
2/13/2018 16:00:00,343.16
2/14/2018 16:00:00,344.85
2/15/2018 16:00:00,356.46
2/16/2018 16:00:00,355.04
2/20/2018 16:00:00,353.35
2/21/2018 16:00:00,352.37
2/22/2018 16:00:00,355.92
2/23/2018 16:00:00,356.66
2/26/2018 16:00:00,363.48
2/27/2018 16:00:00,364.64
2/28/2018 16:00:00,362.21
3/1/2018 16:00:00,349.69
3/2/2018 16:00:00,344.67
3/5/2018 16:00:00,352.75
3/6/2018 16:00:00,348.92
3/7/2018 16:00:00,347.04
3/8/2018 16:00:00,348.73
3/9/2018 16:00:00,354.52
3/12/2018 16:00:00,344.19
3/13/2018 16:00:00,338.67
3/14/2018 16:00:00,330.26
3/15/2018 16:00:00,329.98
3/16/2018 16:00:00,330.47
3/19/2018 16:00:00,331.76
3/20/2018 16:00:00,337.63
3/21/2018 16:00:00,337.1
3/22/2018 16:00:00,319.61
3/23/2018 16:00:00,321
3/26/2018 16:00:00,328.97
3/27/2018 16:00:00,321.12
3/28/2018 16:00:00,320.02
3/29/2018 16:00:00,327.88
4/2/2018 16:00:00,322.44
4/3/2018 16:00:00,330.82
4/4/2018 16:00:00,327.44
4/5/2018 16:00:00,336.4
4/6/2018 16:00:00,326.12
4/9/2018 16:00:00,322.48
4/10/2018 16:00:00,334.83
4/11/2018 16:00:00,327.36
4/12/2018 16:00:00,337.48
4/13/2018 16:00:00,329.28
4/16/2018 16:00:00,331.77
4/17/2018 16:00:00,336.72
4/18/2018 16:00:00,341
4/19/2018 16:00:00,340.64
4/20/2018 16:00:00,338.67
4/23/2018 16:00:00,338.84
4/24/2018 16:00:00,329.06
4/25/2018 16:00:00,342.86
4/26/2018 16:00:00,342.79
4/27/2018 16:00:00,340.88
4/30/2018 16:00:00,333.56
5/1/2018 16:00:00,329.54
5/2/2018 16:00:00,324.19
5/3/2018 16:00:00,330.69
5/4/2018 16:00:00,334.43
5/7/2018 16:00:00,340.43
5/8/2018 16:00:00,338.37
5/9/2018 16:00:00,344.5
5/10/2018 16:00:00,344.07
5/11/2018 16:00:00,342.46
5/14/2018 16:00:00,344.59
5/15/2018 16:00:00,342.12
5/16/2018 16:00:00,340.97
5/17/2018 16:00:00,344.14
5/18/2018 16:00:00,351.23
5/21/2018 16:00:00,363.92
5/22/2018 16:00:00,355.02
5/23/2018 16:00:00,359.21
5/24/2018 16:00:00,359
5/25/2018 16:00:00,360.09
5/29/2018 16:00:00,352.48
5/30/2018 16:00:00,358.19
5/31/2018 16:00:00,352.16
6/1/2018 16:00:00,356.72
6/4/2018 16:00:00,360.73
6/5/2018 16:00:00,360.1
6/6/2018 16:00:00,371.56
6/7/2018 16:00:00,368.53
6/8/2018 16:00:00,369.5
6/11/2018 16:00:00,370.94
6/12/2018 16:00:00,370.62
6/13/2018 16:00:00,363.85
6/14/2018 16:00:00,362.42
6/15/2018 16:00:00,357.88
6/18/2018 16:00:00,354.74
6/19/2018 16:00:00,341.12
6/20/2018 16:00:00,342.69
6/21/2018 16:00:00,337.66
6/22/2018 16:00:00,338.91
6/25/2018 16:00:00,331.2
6/26/2018 16:00:00,331.3
6/27/2018 16:00:00,329.82
6/28/2018 16:00:00,334.65
6/29/2018 16:00:00,335.51
7/2/2018 16:00:00,336.08
7/3/2018 13:00:00,332.93
7/5/2018 16:00:00,333.18
7/6/2018 16:00:00,334.64
7/9/2018 16:00:00,341.92
7/10/2018 16:00:00,347.16
7/11/2018 16:00:00,340.6
7/12/2018 16:00:00,346.03
7/13/2018 16:00:00,350.79
7/16/2018 16:00:00,356.1
7/17/2018 16:00:00,356.88
7/18/2018 16:00:00,360.23
7/19/2018 16:00:00,355.33
7/20/2018 16:00:00,354.9
7/23/2018 16:00:00,353.27
7/24/2018 16:00:00,358.27
7/25/2018 16:00:00,355.92
7/26/2018 16:00:00,359.32
7/27/2018 16:00:00,360.65
7/30/2018 16:00:00,351.06
7/31/2018 16:00:00,356.3
8/1/2018 16:00:00,352.76
8/2/2018 16:00:00,349.73
8/3/2018 16:00:00,348.44
8/6/2018 16:00:00,346.57
8/7/2018 16:00:00,350.76
8/8/2018 16:00:00,347.78
8/9/2018 16:00:00,343.72
8/10/2018 16:00:00,339.41
8/13/2018 16:00:00,338.36
8/14/2018 16:00:00,339.14
8/15/2018 16:00:00,331.76
8/16/2018 16:00:00,345.98
8/17/2018 16:00:00,346.4
8/20/2018 16:00:00,350.74
8/21/2018 16:00:00,353.77
8/22/2018 16:00:00,350.03
8/23/2018 16:00:00,347.48
8/24/2018 16:00:00,349.38
8/27/2018 16:00:00,353.74
8/28/2018 16:00:00,351.21
8/29/2018 16:00:00,350.19
8/30/2018 16:00:00,346.9
8/31/2018 16:00:00,342.79
9/4/2018 16:00:00,346.25
9/5/2018 16:00:00,346.68
9/6/2018 16:00:00,351.27
9/7/2018 16:00:00,349.28
9/10/2018 16:00:00,341.86
9/11/2018 16:00:00,345.25
9/12/2018 16:00:00,353.41
9/13/2018 16:00:00,355.46
9/14/2018 16:00:00,359.8
9/17/2018 16:00:00,355.96
9/18/2018 16:00:00,363.58
9/19/2018 16:00:00,365.22
9/20/2018 16:00:00,367.46
9/21/2018 16:00:00,372.23
9/24/2018 16:00:00,367.99
9/25/2018 16:00:00,367.23
9/26/2018 16:00:00,365.03
9/27/2018 16:00:00,367.39
9/28/2018 16:00:00,371.9
10/1/2018 16:00:00,382.29
10/2/2018 16:00:00,386.37
10/3/2018 16:00:00,392.3
10/4/2018 16:00:00,389.99
10/5/2018 16:00:00,386.47
10/8/2018 16:00:00,385.77
10/9/2018 16:00:00,385.44
10/10/2018 16:00:00,367.47
10/11/2018 16:00:00,358.11
10/12/2018 16:00:00,360.11
10/15/2018 16:00:00,358.88
10/16/2018 16:00:00,368.25
10/17/2018 16:00:00,365.5
10/18/2018 16:00:00,359.35
10/19/2018 16:00:00,356.26
10/22/2018 16:00:00,355.98
10/23/2018 16:00:00,350.05
10/24/2018 16:00:00,354.65
10/25/2018 16:00:00,363.77
10/26/2018 16:00:00,359.27
10/29/2018 16:00:00,335.59
10/30/2018 16:00:00,349.91
10/31/2018 16:00:00,354.86
11/1/2018 16:00:00,363.07
11/2/2018 16:00:00,357.75
11/5/2018 16:00:00,361.98
11/6/2018 16:00:00,366.47
11/7/2018 16:00:00,372.02
11/8/2018 16:00:00,370.77
11/9/2018 16:00:00,369.34
11/12/2018 16:00:00,357.03
11/13/2018 16:00:00,349.51
11/14/2018 16:00:00,344.72
11/15/2018 16:00:00,341.57
11/16/2018 16:00:00,335.95
11/19/2018 16:00:00,320.94
11/20/2018 16:00:00,317.7
11/21/2018 16:00:00,317.32
11/23/2018 13:00:00,312.32
11/26/2018 16:00:00,316.36
11/27/2018 16:00:00,318.03
11/28/2018 16:00:00,333.5
11/29/2018 16:00:00,342.56
11/30/2018 16:00:00,346.76
12/3/2018 16:00:00,359.96
12/4/2018 16:00:00,342.5
12/6/2018 16:00:00,331.9
12/7/2018 16:00:00,323.22
12/10/2018 16:00:00,326.35
12/11/2018 16:00:00,322.03
12/12/2018 16:00:00,326.69
12/13/2018 16:00:00,325.47
12/14/2018 16:00:00,318.75
12/17/2018 16:00:00,316.13
12/18/2018 16:00:00,328.06
12/19/2018 16:00:00,319.55
12/20/2018 16:00:00,313.05
12/21/2018 16:00:00,304.55
12/24/2018 13:00:00,294.16
12/26/2018 16:00:00,313.93
12/27/2018 16:00:00,317.14
12/28/2018 16:00:00,316.38
12/31/2018 16:00:00,322.5
1/2/2019 16:00:00,323.81
1/3/2019 16:00:00,310.9
1/4/2019 16:00:00,327.08
1/7/2019 16:00:00,328.11
1/8/2019 16:00:00,340.53
1/9/2019 16:00:00,343.83
1/10/2019 16:00:00,352.61
1/11/2019 16:00:00,352.9
1/14/2019 16:00:00,350.36
1/15/2019 16:00:00,352.24
1/16/2019 16:00:00,352.06
1/17/2019 16:00:00,359.09
1/18/2019 16:00:00,364.73
1/22/2019 16:00:00,357.9
1/23/2019 16:00:00,358.61
1/24/2019 16:00:00,358.27
1/25/2019 16:00:00,364.2
1/28/2019 16:00:00,362.97
1/29/2019 16:00:00,364.91
1/30/2019 16:00:00,387.72
1/31/2019 16:00:00,385.62
2/1/2019 16:00:00,387.43
2/4/2019 16:00:00,397
2/5/2019 16:00:00,410.18
2/6/2019 16:00:00,411.11
2/7/2019 16:00:00,405.17
2/8/2019 16:00:00,404.91
2/11/2019 16:00:00,403.95
2/12/2019 16:00:00,410.72
2/13/2019 16:00:00,410.58
2/14/2019 16:00:00,409.82
2/15/2019 16:00:00,417.97
2/19/2019 16:00:00,416.26
2/20/2019 16:00:00,421.55
2/21/2019 16:00:00,417.58
2/22/2019 16:00:00,424.05
2/25/2019 16:00:00,426.87
2/26/2019 16:00:00,426.77
2/27/2019 16:00:00,435.44
2/28/2019 16:00:00,439.96
3/1/2019 16:00:00,440.62
3/4/2019 16:00:00,432.69
3/5/2019 16:00:00,430.12
3/6/2019 16:00:00,424.46
3/7/2019 16:00:00,422.56
3/8/2019 16:00:00,422.54
3/11/2019 16:00:00,400.01
3/12/2019 16:00:00,375.41
3/13/2019 16:00:00,377.14
3/14/2019 16:00:00,373.3
3/15/2019 16:00:00,378.99
3/18/2019 16:00:00,372.28
3/19/2019 16:00:00,373.43
3/20/2019 16:00:00,376.16
3/21/2019 16:00:00,372.7
3/22/2019 16:00:00,362.17
3/25/2019 16:00:00,370.46
3/26/2019 16:00:00,370.38
3/27/2019 16:00:00,374.21
3/28/2019 16:00:00,374.44
3/29/2019 16:00:00,381.42
4/1/2019 16:00:00,391.54
4/2/2019 16:00:00,390.75
4/3/2019 16:00:00,384.74
4/4/2019 16:00:00,395.86
4/5/2019 16:00:00,391.93
4/8/2019 16:00:00,374.52
4/9/2019 16:00:00,369.04
4/10/2019 16:00:00,364.94
4/11/2019 16:00:00,370.16
4/12/2019 16:00:00,379.64
4/15/2019 16:00:00,375.46
4/16/2019 16:00:00,381.72
4/17/2019 16:00:00,377.52
4/18/2019 16:00:00,380.07
4/22/2019 16:00:00,375.17
4/23/2019 16:00:00,374.02
4/24/2019 16:00:00,375.46
4/25/2019 16:00:00,382.8
4/26/2019 16:00:00,380.79
4/29/2019 16:00:00,379.05
4/30/2019 16:00:00,377.69
5/1/2019 16:00:00,376.8
5/2/2019 16:00:00,375.8
5/3/2019 16:00:00,376.46
5/6/2019 16:00:00,371.6
5/7/2019 16:00:00,357.23
5/8/2019 16:00:00,359.75
5/9/2019 16:00:00,354.13
5/10/2019 16:00:00,354.67
5/13/2019 16:00:00,337.37
5/14/2019 16:00:00,343.04
5/15/2019 16:00:00,345.64
5/16/2019 16:00:00,353.81
5/17/2019 16:00:00,355.02
5/20/2019 16:00:00,352.79
5/21/2019 16:00:00,358.75
5/22/2019 16:00:00,352.78
5/23/2019 16:00:00,350.55
5/24/2019 16:00:00,354.9
5/28/2019 16:00:00,354.88
5/29/2019 16:00:00,348.8
5/30/2019 16:00:00,349.87
5/31/2019 16:00:00,341.61
6/3/2019 16:00:00,338.89
6/4/2019 16:00:00,344.62
6/5/2019 16:00:00,348.75
6/6/2019 16:00:00,350.64
6/7/2019 16:00:00,353.7
6/10/2019 16:00:00,353.8
6/11/2019 16:00:00,349.33
6/12/2019 16:00:00,347.03
6/13/2019 16:00:00,348.86
6/14/2019 16:00:00,347.16
6/17/2019 16:00:00,354.9
6/18/2019 16:00:00,373.96
6/19/2019 16:00:00,368.56
6/20/2019 16:00:00,374.88
6/21/2019 16:00:00,371.84
6/24/2019 16:00:00,373.99
6/25/2019 16:00:00,369.32
6/26/2019 16:00:00,374.94
6/27/2019 16:00:00,364.02
6/28/2019 16:00:00,364.01
7/1/2019 16:00:00,356.46
7/2/2019 16:00:00,354.16
7/3/2019 13:00:00,354.47
7/5/2019 16:00:00,355.86
7/8/2019 16:00:00,351.12
7/9/2019 16:00:00,353.09
7/10/2019 16:00:00,352.3
7/11/2019 16:00:00,359
7/12/2019 16:00:00,365.33
7/15/2019 16:00:00,361.61
7/16/2019 16:00:00,362.75
7/17/2019 16:00:00,369.52
7/18/2019 16:00:00,361.11
7/19/2019 16:00:00,377.36
7/22/2019 16:00:00,373.42
7/23/2019 16:00:00,373.07
7/24/2019 16:00:00,361.43
7/25/2019 16:00:00,348.09
7/26/2019 16:00:00,345
7/29/2019 16:00:00,340.21
7/30/2019 16:00:00,347.46
7/31/2019 16:00:00,341.18
8/1/2019 16:00:00,334.29
8/2/2019 16:00:00,339.56
8/5/2019 16:00:00,331.06
8/6/2019 16:00:00,332.45
8/7/2019 16:00:00,331.38
8/8/2019 16:00:00,336.35
8/9/2019 16:00:00,337.55
8/12/2019 16:00:00,332.94
8/13/2019 16:00:00,332.86
8/14/2019 16:00:00,320.42
8/15/2019 16:00:00,328
8/16/2019 16:00:00,330.45
8/19/2019 16:00:00,333.78
8/20/2019 16:00:00,331.75
8/21/2019 16:00:00,339.99
8/22/2019 16:00:00,354.41
8/23/2019 16:00:00,356.01
8/26/2019 16:00:00,359.04
8/27/2019 16:00:00,354.73
8/28/2019 16:00:00,359.97
8/29/2019 16:00:00,362.74
8/30/2019 16:00:00,364.09
9/3/2019 16:00:00,354.42
9/4/2019 16:00:00,356.53
9/5/2019 16:00:00,360.3
9/6/2019 16:00:00,363
9/9/2019 16:00:00,358.78
9/10/2019 16:00:00,369.49
9/11/2019 16:00:00,382.94
9/12/2019 16:00:00,375.63
9/13/2019 16:00:00,379.76
9/16/2019 16:00:00,378.85
9/17/2019 16:00:00,384.2
9/18/2019 16:00:00,386.41
9/19/2019 16:00:00,384.44
9/20/2019 16:00:00,379.39
9/23/2019 16:00:00,377.03
9/24/2019 16:00:00,381.65
9/25/2019 16:00:00,386.2
9/26/2019 16:00:00,386.89
9/27/2019 16:00:00,382.86
9/30/2019 16:00:00,380.47
10/1/2019 16:00:00,374.94
10/2/2019 16:00:00,367.36
10/3/2019 16:00:00,372.07
10/4/2019 16:00:00,375.7
10/7/2019 16:00:00,376.54
10/8/2019 16:00:00,374.1
10/9/2019 16:00:00,374.96
10/10/2019 16:00:00,371
10/11/2019 16:00:00,374.92
10/14/2019 16:00:00,373.18
10/15/2019 16:00:00,370.96
10/16/2019 16:00:00,372.43
10/17/2019 16:00:00,369.06
10/18/2019 16:00:00,344
10/21/2019 16:00:00,331.06
10/22/2019 16:00:00,337
10/23/2019 16:00:00,340.5
10/24/2019 16:00:00,344.55
10/25/2019 16:00:00,339.83
10/28/2019 16:00:00,340.88
10/29/2019 16:00:00,348.93
10/30/2019 16:00:00,346.06
10/31/2019 16:00:00,339.91
11/1/2019 16:00:00,345.19
11/4/2019 16:00:00,351.09
11/5/2019 16:00:00,358.29
11/6/2019 16:00:00,354.19
11/7/2019 16:00:00,352.14
11/8/2019 16:00:00,351
11/11/2019 16:00:00,366.96
11/12/2019 16:00:00,362.88
11/13/2019 16:00:00,362.5
11/14/2019 16:00:00,367.44
11/15/2019 16:00:00,371.68
11/18/2019 16:00:00,369.46
11/19/2019 16:00:00,367
11/20/2019 16:00:00,370.91
11/21/2019 16:00:00,366.44
11/22/2019 16:00:00,371.34
11/25/2019 16:00:00,373.13
11/26/2019 16:00:00,373.51
11/27/2019 16:00:00,368
11/29/2019 13:00:00,366.18
12/2/2019 16:00:00,355.18
12/3/2019 16:00:00,352.08
12/4/2019 16:00:00,348.84
12/5/2019 16:00:00,345.68
12/6/2019 16:00:00,354.09
12/9/2019 16:00:00,351.21
12/10/2019 16:00:00,347.9
12/11/2019 16:00:00,350
12/12/2019 16:00:00,346.29
12/13/2019 16:00:00,341.67
12/16/2019 16:00:00,327
12/17/2019 16:00:00,327
12/18/2019 16:00:00,330.68
12/19/2019 16:00:00,333.5
12/20/2019 16:00:00,328
12/23/2019 16:00:00,337.55
12/24/2019 13:00:00,333
12/26/2019 16:00:00,329.92
12/27/2019 16:00:00,330.14
12/30/2019 16:00:00,326.4
12/31/2019 16:00:00,325.76
1/2/2020 16:00:00,333.32
1/3/2020 16:00:00,332.76
1/6/2020 16:00:00,333.74
1/7/2020 16:00:00,337.28
1/8/2020 16:00:00,331.37
1/9/2020 16:00:00,336.34
1/10/2020 16:00:00,329.92
1/13/2020 16:00:00,330.22
1/14/2020 16:00:00,332.35
1/15/2020 16:00:00,329.8
1/16/2020 16:00:00,332
1/17/2020 16:00:00,324.15
1/21/2020 16:00:00,313.37
1/22/2020 16:00:00,309
1/23/2020 16:00:00,317.79
1/24/2020 16:00:00,323.05
1/27/2020 16:00:00,316.6
1/28/2020 16:00:00,316.56
1/29/2020 16:00:00,322.02
1/30/2020 16:00:00,323.3
1/31/2020 16:00:00,318.27
2/3/2020 16:00:00,316
2/4/2020 16:00:00,317.94
2/5/2020 16:00:00,329.55
2/6/2020 16:00:00,341.43
2/7/2020 16:00:00,336.75
2/10/2020 16:00:00,344.67
2/11/2020 16:00:00,344.42
2/12/2020 16:00:00,347.45
2/13/2020 16:00:00,342.82
2/14/2020 16:00:00,340.49
2/18/2020 16:00:00,338.88
2/19/2020 16:00:00,338.3
2/20/2020 16:00:00,336.28
2/21/2020 16:00:00,330.38
2/24/2020 16:00:00,317.9
2/25/2020 16:00:00,304.14
2/26/2020 16:00:00,305.59
2/27/2020 16:00:00,287.76
2/28/2020 16:00:00,275.11
3/2/2020 16:00:00,289.27
3/3/2020 16:00:00,280.62
3/4/2020 16:00:00,283.12
3/5/2020 16:00:00,260.37
3/6/2020 16:00:00,262.33
3/9/2020 16:00:00,227.17
3/10/2020 16:00:00,231.01
3/11/2020 16:00:00,189.08
3/12/2020 16:00:00,154.84
3/13/2020 16:00:00,170.2
3/16/2020 16:00:00,129.61
3/17/2020 16:00:00,124.14
3/18/2020 16:00:00,101.89
3/19/2020 16:00:00,97.71
3/20/2020 16:00:00,95.01
3/23/2020 16:00:00,105.62
3/24/2020 16:00:00,127.68
3/25/2020 16:00:00,158.73
3/26/2020 16:00:00,180.55
3/27/2020 16:00:00,162
3/30/2020 16:00:00,152.28
3/31/2020 16:00:00,149.14
4/1/2020 16:00:00,130.7
4/2/2020 16:00:00,123.27
4/3/2020 16:00:00,124.52
4/6/2020 16:00:00,148.77
4/7/2020 16:00:00,141.58
4/8/2020 16:00:00,146.87
4/9/2020 16:00:00,151.84
4/13/2020 16:00:00,147.33
4/14/2020 16:00:00,141
4/15/2020 16:00:00,145.98
4/16/2020 16:00:00,134.24
4/17/2020 16:00:00,154
4/20/2020 16:00:00,143.61
4/21/2020 16:00:00,136.33
4/22/2020 16:00:00,134.97
4/23/2020 16:00:00,137.74
4/24/2020 16:00:00,128.98
4/27/2020 16:00:00,128.68
4/28/2020 16:00:00,131.3
4/29/2020 16:00:00,139
4/30/2020 16:00:00,141.02
5/1/2020 16:00:00,133.37
5/4/2020 16:00:00,131.46
5/5/2020 16:00:00,125.4
5/6/2020 16:00:00,121.86
5/7/2020 16:00:00,128.65
5/8/2020 16:00:00,133.44
5/11/2020 16:00:00,128.91
5/12/2020 16:00:00,125.22
5/13/2020 16:00:00,121.5
5/14/2020 16:00:00,122.52
5/15/2020 16:00:00,120
5/18/2020 16:00:00,135.44
5/19/2020 16:00:00,130.44
5/20/2020 16:00:00,133.32
5/21/2020 16:00:00,139
5/22/2020 16:00:00,137.53
5/26/2020 16:00:00,144.73
5/27/2020 16:00:00,149.52
5/28/2020 16:00:00,149.82
5/29/2020 16:00:00,145.85
6/1/2020 16:00:00,151.39
6/2/2020 16:00:00,153.31
6/3/2020 16:00:00,173.16
6/4/2020 16:00:00,184.3
6/5/2020 16:00:00,205.43
6/8/2020 16:00:00,230.5
6/9/2020 16:00:00,216.74
6/10/2020 16:00:00,203.41
6/11/2020 16:00:00,170
6/12/2020 16:00:00,189.51
6/15/2020 16:00:00,190.94
6/16/2020 16:00:00,197.77
6/17/2020 16:00:00,192.54
6/18/2020 16:00:00,192.29
6/19/2020 16:00:00,187.02
6/22/2020 16:00:00,188.52
6/23/2020 16:00:00,187.88
6/24/2020 16:00:00,176.69
6/25/2020 16:00:00,174.88
6/26/2020 16:00:00,170.01
6/29/2020 16:00:00,194.49
6/30/2020 16:00:00,183.3
7/1/2020 16:00:00,180.32
7/2/2020 16:00:00,180.81
7/6/2020 16:00:00,187.91
7/7/2020 16:00:00,178.88
7/8/2020 16:00:00,180.08
7/9/2020 16:00:00,173.28
7/10/2020 16:00:00,178.44
7/13/2020 16:00:00,175.65
7/14/2020 16:00:00,179.96
7/15/2020 16:00:00,187.94
7/16/2020 16:00:00,178.7
7/17/2020 16:00:00,175.66
7/20/2020 16:00:00,174.42
7/21/2020 16:00:00,178.63
7/22/2020 16:00:00,179.79
7/23/2020 16:00:00,176.45
7/24/2020 16:00:00,173.76
7/27/2020 16:00:00,170.21
7/28/2020 16:00:00,170.84
7/29/2020 16:00:00,166.01
7/30/2020 16:00:00,161.95
7/31/2020 16:00:00,158
8/3/2020 16:00:00,162.27
8/4/2020 16:00:00,165.07
8/5/2020 16:00:00,174.28
8/6/2020 16:00:00,172.2
8/7/2020 16:00:00,170.02
8/10/2020 16:00:00,179.41
8/11/2020 16:00:00,180.13
8/12/2020 16:00:00,175.44
8/13/2020 16:00:00,174.73
8/14/2020 16:00:00,178.08
8/17/2020 16:00:00,172.01
8/18/2020 16:00:00,170.23
8/19/2020 16:00:00,169.27
8/20/2020 16:00:00,169.58
8/21/2020 16:00:00,167.5
8/24/2020 16:00:00,178.27
8/25/2020 16:00:00,174.73
8/26/2020 16:00:00,171.9
8/27/2020 16:00:00,174.2
8/28/2020 16:00:00,175.8
8/31/2020 16:00:00,171.82
9/1/2020 16:00:00,172.1
9/2/2020 16:00:00,174.78
9/3/2020 16:00:00,168.77
9/4/2020 16:00:00,171.05
9/8/2020 16:00:00,161.08
9/9/2020 16:00:00,160.78
9/10/2020 16:00:00,157.69
9/11/2020 16:00:00,160.23
9/14/2020 16:00:00,165.35
9/15/2020 16:00:00,163.49
9/16/2020 16:00:00,167.46
9/17/2020 16:00:00,167.53
9/18/2020 16:00:00,161.14
9/21/2020 16:00:00,156.35
9/22/2020 16:00:00,156.8
9/23/2020 16:00:00,151.18
9/24/2020 16:00:00,146.05
9/25/2020 16:00:00,156.03
9/28/2020 16:00:00,166.08
9/29/2020 16:00:00,163.6
9/30/2020 16:00:00,165.26
10/1/2020 16:00:00,167.86
10/2/2020 16:00:00,168.08
10/5/2020 16:00:00,171.2
10/6/2020 16:00:00,159.54
10/7/2020 16:00:00,164.61
10/8/2020 16:00:00,168
10/9/2020 16:00:00,167.33
10/12/2020 16:00:00,167.35
10/13/2020 16:00:00,162.14
10/14/2020 16:00:00,163.24
10/15/2020 16:00:00,164.24
10/16/2020 16:00:00,167.35
10/19/2020 16:00:00,167.11
10/20/2020 16:00:00,167.24
10/21/2020 16:00:00,163.86
10/22/2020 16:00:00,169.07
10/23/2020 16:00:00,167.36
10/26/2020 16:00:00,160.83
10/27/2020 16:00:00,155.24
10/28/2020 16:00:00,148.14
10/29/2020 16:00:00,148.29
10/30/2020 16:00:00,144.39
11/2/2020 16:00:00,148.6
11/3/2020 16:00:00,153.65
11/4/2020 16:00:00,151.63
11/5/2020 16:00:00,157.09
11/6/2020 16:00:00,157.74
11/9/2020 16:00:00,179.36
11/10/2020 16:00:00,188.69
11/11/2020 16:00:00,182.15
11/12/2020 16:00:00,176.72
11/13/2020 16:00:00,187.11
11/16/2020 16:00:00,202.4
11/17/2020 16:00:00,210.05
11/18/2020 16:00:00,203.3
11/19/2020 16:00:00,205.67
11/20/2020 16:00:00,199.62
11/23/2020 16:00:00,211.53
11/24/2020 16:00:00,218.49
11/25/2020 16:00:00,217.61
11/27/2020 13:00:00,216.5
11/30/2020 16:00:00,210.71
12/1/2020 16:00:00,213.01
12/2/2020 16:00:00,223.85
12/3/2020 16:00:00,237.2
12/4/2020 16:00:00,232.71
12/7/2020 16:00:00,238.17
12/8/2020 16:00:00,236.57
12/9/2020 16:00:00,232.06
12/10/2020 16:00:00,234.43
12/11/2020 16:00:00,230.33
12/14/2020 16:00:00,228.62
12/15/2020 16:00:00,229.5
12/16/2020 16:00:00,225.87
12/17/2020 16:00:00,221.24
12/18/2020 16:00:00,219.75
12/21/2020 16:00:00,219.31
12/22/2020 16:00:00,218.78
12/23/2020 16:00:00,219.69
12/24/2020 13:00:00,217.15
12/28/2020 16:00:00,216.09
12/29/2020 16:00:00,216.25
12/30/2020 16:00:00,216.67
12/31/2020 16:00:00,214.06
1/4/2021 16:00:00,202.72
1/5/2021 16:00:00,211.63
1/6/2021 16:00:00,211.03
1/7/2021 16:00:00,212.71
1/8/2021 16:00:00,209.9
1/11/2021 16:00:00,206.79
1/12/2021 16:00:00,208.41
1/13/2021 16:00:00,207.21
1/14/2021 16:00:00,209.91
1/15/2021 16:00:00,204.32
1/19/2021 16:00:00,210.71
1/20/2021 16:00:00,211.45
1/21/2021 16:00:00,207.41
1/22/2021 16:00:00,205.84
1/25/2021 16:00:00,203.36
1/26/2021 16:00:00,202.06
1/27/2021 16:00:00,194.03
1/28/2021 16:00:00,197.23
1/29/2021 16:00:00,194.19
2/1/2021 16:00:00,195.84
2/2/2021 16:00:00,200.94
2/3/2021 16:00:00,207.39
2/4/2021 16:00:00,210.64
2/5/2021 16:00:00,207.93
2/8/2021 16:00:00,211.95
2/9/2021 16:00:00,215.12
2/10/2021 16:00:00,211.92
2/11/2021 16:00:00,210.66
2/12/2021 16:00:00,210.98
2/16/2021 16:00:00,217.18
2/17/2021 16:00:00,215.52
2/18/2021 16:00:00,208.48
2/19/2021 16:00:00,217.47
2/22/2021 16:00:00,212.88
2/23/2021 16:00:00,212.12
2/24/2021 16:00:00,229.34
2/25/2021 16:00:00,216.45
2/26/2021 16:00:00,212.01
3/1/2021 16:00:00,224.39
3/2/2021 16:00:00,223.14
3/3/2021 16:00:00,228.56
3/4/2021 16:00:00,224.71
3/5/2021 16:00:00,223.22
3/8/2021 16:00:00,224.03
3/9/2021 16:00:00,230.61
3/10/2021 16:00:00,245.34
3/11/2021 16:00:00,252
3/12/2021 16:00:00,269.19
3/15/2021 16:00:00,265.63
3/16/2021 16:00:00,255.21
3/17/2021 16:00:00,263.59
3/18/2021 16:00:00,256.06
3/19/2021 16:00:00,255.82
3/22/2021 16:00:00,251.23
3/23/2021 16:00:00,241.25
3/24/2021 16:00:00,239.24
3/25/2021 16:00:00,247.19
3/26/2021 16:00:00,244.87
3/29/2021 16:00:00,250.52
3/30/2021 16:00:00,252.01
3/31/2021 16:00:00,254.72
4/1/2021 16:00:00,252.96
4/5/2021 16:00:00,259.36
4/6/2021 16:00:00,255.17
4/7/2021 16:00:00,252.58
4/8/2021 16:00:00,254.95
4/9/2021 16:00:00,252.36
4/12/2021 16:00:00,249.52
4/13/2021 16:00:00,253.27
4/14/2021 16:00:00,252.43
4/15/2021 16:00:00,251.11
4/16/2021 16:00:00,248.18
4/19/2021 16:00:00,244.15
4/20/2021 16:00:00,234.06
4/21/2021 16:00:00,235.92
4/22/2021 16:00:00,234.33
4/23/2021 16:00:00,238.38
4/26/2021 16:00:00,241.44
4/27/2021 16:00:00,242.47
4/28/2021 16:00:00,235.46
4/29/2021 16:00:00,235.94
4/30/2021 16:00:00,234.31
5/3/2021 16:00:00,235.19
5/4/2021 16:00:00,233.63
5/5/2021 16:00:00,228.18
5/6/2021 16:00:00,229.81
5/7/2021 16:00:00,235.47
5/10/2021 16:00:00,232.93
5/11/2021 16:00:00,228.88
5/12/2021 16:00:00,220.78
5/13/2021 16:00:00,222.64
5/14/2021 16:00:00,228.47
5/17/2021 16:00:00,227.98
5/18/2021 16:00:00,227.55
5/19/2021 16:00:00,224.42
5/20/2021 16:00:00,227.65
5/21/2021 16:00:00,234.82
5/24/2021 16:00:00,237.44
5/25/2021 16:00:00,240.74
5/26/2021 16:00:00,241.37
5/27/2021 16:00:00,250.7
5/28/2021 16:00:00,247.02
6/1/2021 16:00:00,254.73
6/2/2021 16:00:00,255.62
6/3/2021 16:00:00,250.32
6/4/2021 16:00:00,249.92
6/7/2021 16:00:00,252.66
6/8/2021 16:00:00,252.76
6/9/2021 16:00:00,248.06
6/10/2021 16:00:00,248.34
6/11/2021 16:00:00,247.28
6/14/2021 16:00:00,245.14
6/15/2021 16:00:00,246.54
6/16/2021 16:00:00,242.27
6/17/2021 16:00:00,239.22
6/18/2021 16:00:00,237.35
6/21/2021 16:00:00,245.28
6/22/2021 16:00:00,243.78
6/23/2021 16:00:00,243.57
6/24/2021 16:00:00,250.57
6/25/2021 16:00:00,248.38
6/28/2021 16:00:00,239.96
6/29/2021 16:00:00,235.76
6/30/2021 16:00:00,239.56
7/1/2021 16:00:00,239.73
7/2/2021 16:00:00,236.68
7/6/2021 16:00:00,236.14
7/7/2021 16:00:00,231.78
7/8/2021 16:00:00,236.77
7/9/2021 16:00:00,239.59
7/12/2021 16:00:00,238.29
7/13/2021 16:00:00,228.2
7/14/2021 16:00:00,224.45
7/15/2021 16:00:00,222.76
7/16/2021 16:00:00,217.74
7/19/2021 16:00:00,206.99
7/20/2021 16:00:00,217.15
7/21/2021 16:00:00,222.54
7/22/2021 16:00:00,220.87
7/23/2021 16:00:00,221.52
7/26/2021 16:00:00,225.85
7/27/2021 16:00:00,222.27
7/28/2021 16:00:00,231.57
7/29/2021 16:00:00,231.63
7/30/2021 16:00:00,226.48
8/2/2021 16:00:00,225.34
8/3/2021 16:00:00,229.09
8/4/2021 16:00:00,226.63
8/5/2021 16:00:00,229.94
8/6/2021 16:00:00,231.33
8/9/2021 16:00:00,232.27
8/10/2021 16:00:00,235.78
8/11/2021 16:00:00,239.49
8/12/2021 16:00:00,238.18
8/13/2021 16:00:00,234.46
8/16/2021 16:00:00,229.06
8/17/2021 16:00:00,222.22
8/18/2021 16:00:00,219
8/19/2021 16:00:00,212.16
8/20/2021 16:00:00,212.67
8/23/2021 16:00:00,219.4
8/24/2021 16:00:00,221.43
8/25/2021 16:00:00,221.03
8/26/2021 16:00:00,216.5
8/27/2021 16:00:00,221.75
8/30/2021 16:00:00,217.66
8/31/2021 16:00:00,219.5
9/1/2021 16:00:00,218.12
9/2/2021 16:00:00,220.83
9/3/2021 16:00:00,218.17
9/7/2021 16:00:00,214.24
9/8/2021 16:00:00,211.38
9/9/2021 16:00:00,213.94
9/10/2021 16:00:00,210.3
9/13/2021 16:00:00,214.48
9/14/2021 16:00:00,211.57
9/15/2021 16:00:00,214.22
9/16/2021 16:00:00,213.36
9/17/2021 16:00:00,213.36
9/20/2021 16:00:00,209.5
9/21/2021 16:00:00,208.51
9/22/2021 16:00:00,216.98
9/23/2021 16:00:00,221.1
9/24/2021 16:00:00,221.39
9/27/2021 16:00:00,224.16
9/28/2021 16:00:00,218.41
9/29/2021 16:00:00,225.36
9/30/2021 16:00:00,219.94
10/1/2021 16:00:00,226
10/4/2021 16:00:00,223.79
10/5/2021 16:00:00,224.42
10/6/2021 16:00:00,224.99
10/7/2021 16:00:00,226.48
10/8/2021 16:00:00,226.39
10/11/2021 16:00:00,226.45
10/12/2021 16:00:00,223.57
10/13/2021 16:00:00,221.78
10/14/2021 16:00:00,217.44
10/15/2021 16:00:00,217.04
10/18/2021 16:00:00,216.98
10/19/2021 16:00:00,215.97
10/20/2021 16:00:00,216.17
10/21/2021 16:00:00,214.34
10/22/2021 16:00:00,212.97
10/25/2021 16:00:00,212.87
10/26/2021 16:00:00,209.81
10/27/2021 16:00:00,206.61
10/28/2021 16:00:00,207.85
10/29/2021 16:00:00,207.03
11/1/2021 16:00:00,214.58
11/2/2021 16:00:00,212.77
11/3/2021 16:00:00,213.38
11/4/2021 16:00:00,213.03
11/5/2021 16:00:00,224.46
11/8/2021 16:00:00,222.68
11/9/2021 16:00:00,220.79
11/10/2021 16:00:00,218.5
11/11/2021 16:00:00,219.38
11/12/2021 16:00:00,220.96
11/15/2021 16:00:00,233.09
11/16/2021 16:00:00,225.8
11/17/2021 16:00:00,226.62
11/18/2021 16:00:00,227.25
11/19/2021 16:00:00,214.13
11/22/2021 16:00:00,209.9
11/23/2021 16:00:00,209.13
11/24/2021 16:00:00,210.6
11/26/2021 13:00:00,199.21
11/29/2021 16:00:00,198.5
11/30/2021 16:00:00,197.85
12/1/2021 16:00:00,188.19
12/2/2021 16:00:00,202.38
12/3/2021 16:00:00,198.49
12/6/2021 16:00:00,205.88
12/7/2021 16:00:00,208.83
12/8/2021 16:00:00,211.03
12/9/2021 16:00:00,207.56
12/10/2021 16:00:00,205.06
12/13/2021 16:00:00,197.4
12/14/2021 16:00:00,195.5
12/15/2021 16:00:00,195.43
12/16/2021 16:00:00,190.79
12/17/2021 16:00:00,192.63
12/20/2021 16:00:00,188.48
12/21/2021 16:00:00,199.52
12/22/2021 16:00:00,201.69
12/23/2021 16:00:00,204.22
12/27/2021 16:00:00,203.17
12/28/2021 16:00:00,206.13
12/29/2021 16:00:00,203.66
12/30/2021 16:00:00,202.71
12/31/2021 16:00:00,201.32
1/3/2022 16:00:00,207.86
1/4/2022 16:00:00,213.63
1/5/2022 16:00:00,213.07
1/6/2022 16:00:00,211.34
1/7/2022 16:00:00,215.5
1/10/2022 16:00:00,209.31
1/11/2022 16:00:00,216.02
1/12/2022 16:00:00,217.45
1/13/2022 16:00:00,223.9
1/14/2022 16:00:00,225.96
1/18/2022 16:00:00,225.01
1/19/2022 16:00:00,217.08
1/20/2022 16:00:00,214.19
1/21/2022 16:00:00,205.44
1/24/2022 16:00:00,204.2
1/25/2022 16:00:00,204.1
1/26/2022 16:00:00,194.27
1/27/2022 16:00:00,189.75
1/28/2022 16:00:00,190.57
1/31/2022 16:00:00,200.24
2/1/2022 16:00:00,208.34
2/2/2022 16:00:00,207.52
2/3/2022 16:00:00,206.39
2/4/2022 16:00:00,206.45
2/7/2022 16:00:00,211.92
2/8/2022 16:00:00,213.27
2/9/2022 16:00:00,215.86
2/10/2022 16:00:00,218.75
2/11/2022 16:00:00,212.3
2/14/2022 16:00:00,210.04
2/15/2022 16:00:00,217.73
2/16/2022 16:00:00,218.93
2/17/2022 16:00:00,213.58
2/18/2022 16:00:00,209.03
2/22/2022 16:00:00,198.74
2/23/2022 16:00:00,196.42
2/24/2022 16:00:00,198.43
2/25/2022 16:00:00,201.48
2/28/2022 16:00:00,205.34
3/1/2022 16:00:00,194.91
3/2/2022 16:00:00,197.81
3/3/2022 16:00:00,188.85
3/4/2022 16:00:00,180.84
3/7/2022 16:00:00,169.17
3/8/2022 16:00:00,173.8
3/9/2022 16:00:00,178.56
3/10/2022 16:00:00,178.39
3/11/2022 16:00:00,176.23
3/14/2022 16:00:00,175.52
3/15/2022 16:00:00,179.89
3/16/2022 16:00:00,188.99
3/17/2022 16:00:00,190.19
3/18/2022 16:00:00,192.83
3/21/2022 16:00:00,185.9
3/22/2022 16:00:00,191.04
3/23/2022 16:00:00,186.04
3/24/2022 16:00:00,189.05
3/25/2022 16:00:00,188.95
3/28/2022 16:00:00,188.16
3/29/2022 16:00:00,193.8
3/30/2022 16:00:00,194.91
3/31/2022 16:00:00,191.5
4/1/2022 16:00:00,190.76
4/4/2022 16:00:00,191.18
4/5/2022 16:00:00,182.65
4/6/2022 16:00:00,178.72
4/7/2022 16:00:00,177.97
4/8/2022 16:00:00,175.2
4/11/2022 16:00:00,175.03
4/12/2022 16:00:00,176.28
4/13/2022 16:00:00,182.87
4/14/2022 16:00:00,181.94
4/18/2022 16:00:00,179.85
4/19/2022 16:00:00,185.98
4/20/2022 16:00:00,183.55
4/21/2022 16:00:00,181.02
4/22/2022 16:00:00,176.92
4/25/2022 16:00:00,175.91
4/26/2022 16:00:00,167.04
4/27/2022 16:00:00,154.46
4/28/2022 16:00:00,154.22
4/29/2022 16:00:00,148.84
5/2/2022 16:00:00,148.61
5/3/2022 16:00:00,153.58
5/4/2022 16:00:00,156.97
5/5/2022 16:00:00,150.47
5/6/2022 16:00:00,148.9
5/9/2022 16:00:00,133.31
5/10/2022 16:00:00,132.95
5/11/2022 16:00:00,129.39
5/12/2022 16:00:00,123.14
5/13/2022 16:00:00,127.2
5/16/2022 16:00:00,124.05
5/17/2022 16:00:00,132.05
5/18/2022 16:00:00,125.52
5/19/2022 16:00:00,127.14
5/20/2022 16:00:00,120.7
5/23/2022 16:00:00,124.07
5/24/2022 16:00:00,119.4
5/25/2022 16:00:00,122.06
5/26/2022 16:00:00,127.73
5/27/2022 16:00:00,132.23
5/31/2022 16:00:00,131.4
6/1/2022 16:00:00,130.65
6/2/2022 16:00:00,140.5
6/3/2022 16:00:00,139.25
6/6/2022 16:00:00,139.24
6/7/2022 16:00:00,140.82
6/8/2022 16:00:00,139.63
6/9/2022 16:00:00,133.73
6/10/2022 16:00:00,127
6/13/2022 16:00:00,115.86
6/14/2022 16:00:00,122.16
6/15/2022 16:00:00,133.72
6/16/2022 16:00:00,133.36
6/17/2022 16:00:00,136.8
6/21/2022 16:00:00,136.75
6/22/2022 16:00:00,137.16
6/23/2022 16:00:00,133.97
6/24/2022 16:00:00,141.53
6/27/2022 16:00:00,138.72
6/28/2022 16:00:00,138.7
6/29/2022 16:00:00,138.45
6/30/2022 16:00:00,136.72
7/1/2022 16:00:00,139.84